dataset,0,1,2,3,4,5,6,7,8,9,10,11,12,13,14,15,16,17,18,19,20,21,22,23,24,25,26,27,28,29
ACSF1,0.94,0.84,0.86,0.82,0.84,0.82,0.84,0.89,0.89,0.85,0.9,0.91,0.88,0.9,0.88,0.84,0.82,0.86,0.81,0.79,0.86,0.94,0.86,0.93,0.9,0.91,0.85,0.86,0.85,0.8
Adiac,0.8439897698209718,0.8491048593350383,0.8260869565217391,0.8184143222506394,0.8414322250639387,0.8363171355498721,0.8209718670076727,0.8516624040920716,0.8465473145780051,0.8414322250639387,0.8388746803069054,0.8567774936061381,0.8260869565217391,0.8388746803069054,0.8542199488491049,0.8542199488491049,0.8209718670076727,0.8286445012787724,0.8363171355498721,0.8491048593350383,0.8414322250639387,0.8746803069053708,0.8158567774936062,0.8567774936061381,0.8670076726342711,0.8439897698209718,0.8286445012787724,0.8465473145780051,0.8337595907928389,0.8209718670076727
ArrowHead,0.7085714285714285,0.8228571428571428,0.84,0.84,0.8285714285714286,0.8628571428571429,0.76,0.8228571428571428,0.92,0.8228571428571428,0.7885714285714286,0.8457142857142858,0.9085714285714286,0.8857142857142857,0.8285714285714286,0.8,0.84,0.8,0.7942857142857143,0.84,0.8914285714285715,0.8,0.8571428571428571,0.7771428571428571,0.8114285714285714,0.76,0.8685714285714285,0.8057142857142857,0.8171428571428572,0.88
ArticularyWordRecognition,0.99,0.9866666666666668,0.9966666666666668,0.9866666666666668,0.9933333333333332,0.9966666666666668,0.9966666666666668,0.9933333333333332,0.9933333333333332,0.9933333333333332,0.9933333333333332,0.99,0.9833333333333332,0.99,0.9866666666666668,0.98,0.9933333333333332,0.9933333333333332,0.99,0.9933333333333332,0.9833333333333332,0.9966666666666668,0.9866666666666668,0.9933333333333332,0.99,0.9933333333333332,0.9933333333333332,0.99,0.9866666666666668,0.98
AtrialFibrillation,0.3333333333333333,0.2666666666666666,0.1333333333333333,0.2666666666666666,0.2666666666666666,0.2,0.0666666666666666,0.4666666666666667,0.3333333333333333,0.5333333333333333,0.4666666666666667,0.2666666666666666,0.2666666666666666,0.2666666666666666,0.2,0.3333333333333333,0.2666666666666666,0.3333333333333333,0.2,0.1333333333333333,0.4,0.3333333333333333,0.3333333333333333,0.3333333333333333,0.2,0.4,0.2,0.3333333333333333,0.2666666666666666,0.4666666666666667
BME,1.0,1.0,1.0,1.0,1.0,1.0,1.0,1.0,1.0,1.0,1.0,1.0,1.0,0.9933333333333332,1.0,1.0,1.0,1.0,1.0,1.0,1.0,1.0,1.0,1.0,1.0,1.0,1.0,1.0,1.0,1.0
BasicMotions,1.0,1.0,1.0,1.0,1.0,1.0,1.0,1.0,1.0,1.0,1.0,1.0,1.0,1.0,1.0,1.0,1.0,1.0,1.0,1.0,1.0,1.0,1.0,1.0,1.0,1.0,1.0,1.0,1.0,1.0
Beef,0.8333333333333334,0.8333333333333334,0.7666666666666667,0.9,0.8,0.8,0.9333333333333332,0.7666666666666667,0.8333333333333334,0.8,0.8333333333333334,0.7666666666666667,0.7333333333333333,0.8333333333333334,0.8333333333333334,0.8333333333333334,0.7,0.6666666666666666,0.7333333333333333,0.7333333333333333,0.7666666666666667,0.8666666666666667,0.8666666666666667,0.8666666666666667,0.8666666666666667,0.8333333333333334,0.7333333333333333,0.8,0.8,0.8666666666666667
BeetleFly,0.8,0.85,0.9,0.9,0.95,0.8,0.9,0.75,0.9,0.9,0.95,0.9,0.85,0.9,0.9,0.9,0.85,0.75,0.8,0.95,0.95,0.8,0.9,0.85,0.85,0.9,0.9,0.9,0.9,0.85
BirdChicken,0.9,0.8,0.95,1.0,0.95,0.9,0.95,0.9,1.0,0.95,0.9,1.0,1.0,1.0,1.0,0.95,0.8,0.95,0.9,1.0,1.0,0.9,0.9,1.0,1.0,0.9,1.0,1.0,0.9,0.95
CBF,1.0,1.0,0.9955555555555556,0.9988888888888888,0.9722222222222222,0.9988888888888888,0.9988888888888888,0.9922222222222222,0.9966666666666668,0.9966666666666668,1.0,0.9833333333333332,0.9988888888888888,0.9922222222222222,1.0,1.0,0.9955555555555556,1.0,1.0,1.0,0.9966666666666668,0.9988888888888888,0.9988888888888888,0.9711111111111111,1.0,1.0,0.9933333333333332,1.0,0.9988888888888888,1.0
Car,0.9333333333333332,0.8833333333333333,0.9333333333333332,0.9,0.95,0.8,0.9,0.9333333333333332,0.8833333333333333,0.8833333333333333,0.95,0.95,0.8,0.9833333333333332,0.8666666666666667,0.8333333333333334,0.9,0.8333333333333334,0.8666666666666667,0.8833333333333333,0.8,0.9166666666666666,0.9333333333333332,0.9166666666666666,0.9166666666666666,0.9333333333333332,0.9166666666666666,0.9166666666666666,0.8833333333333333,0.95
Chinatown,0.9854227405247812,0.9708454810495628,0.97667638483965,0.979591836734694,0.979591836734694,0.9708454810495628,0.979591836734694,0.9825072886297376,0.9825072886297376,0.9650145772594751,0.9825072886297376,0.9825072886297376,0.9825072886297376,0.97667638483965,0.9737609329446064,0.956268221574344,0.979591836734694,0.9854227405247812,0.9737609329446064,0.9708454810495628,0.97667638483965,0.9708454810495628,0.97667638483965,0.979591836734694,0.979591836734694,0.967930029154519,0.97667638483965,0.97667638483965,0.979591836734694,0.967930029154519
ChlorineConcentration,0.8713541666666667,0.8697916666666666,0.8622395833333333,0.86015625,0.8567708333333334,0.85390625,0.878125,0.8442708333333333,0.8393229166666667,0.8515625,0.8744791666666667,0.8653645833333333,0.859375,0.86953125,0.86328125,0.8489583333333334,0.8541666666666666,0.8643229166666667,0.8442708333333333,0.8549479166666667,0.8692708333333333,0.8440104166666667,0.8455729166666667,0.8575520833333333,0.8690104166666667,0.8744791666666667,0.8533854166666667,0.8677083333333333,0.8580729166666666,0.8505208333333333
CinCECGTorso,0.98768115942029,0.9942028985507246,0.9956521739130436,0.9840579710144928,0.9985507246376812,0.9971014492753624,0.9942028985507246,0.9891304347826086,0.9905797101449276,0.9978260869565218,0.989855072463768,0.9956521739130436,0.994927536231884,0.994927536231884,0.9942028985507246,0.9963768115942028,0.9927536231884058,0.98768115942029,0.9934782608695653,0.9942028985507246,0.9934782608695653,0.9971014492753624,0.9942028985507246,0.9971014492753624,0.9971014492753624,0.991304347826087,0.9934782608695653,0.9963768115942028,0.9971014492753624,0.9942028985507246
Coffee,1.0,1.0,1.0,1.0,1.0,1.0,1.0,1.0,1.0,1.0,1.0,1.0,1.0,1.0,0.9642857142857144,1.0,1.0,1.0,1.0,1.0,1.0,1.0,1.0,1.0,1.0,1.0,1.0,1.0,1.0,1.0
Computers,0.808,0.868,0.872,0.9,0.892,0.884,0.856,0.852,0.864,0.896,0.872,0.864,0.856,0.876,0.852,0.868,0.868,0.84,0.848,0.852,0.832,0.888,0.88,0.884,0.856,0.864,0.832,0.88,0.88,0.872
Cricket,0.9722222222222222,1.0,1.0,0.9861111111111112,1.0,1.0,1.0,1.0,1.0,1.0,1.0,1.0,1.0,0.9722222222222222,0.9861111111111112,1.0,1.0,0.9861111111111112,0.9861111111111112,1.0,0.9861111111111112,1.0,1.0,1.0,0.9722222222222222,1.0,1.0,1.0,1.0,1.0
CricketX,0.7769230769230769,0.7666666666666667,0.7666666666666667,0.7846153846153846,0.8153846153846154,0.8282051282051283,0.8256410256410256,0.7846153846153846,0.8076923076923077,0.8076923076923077,0.8025641025641026,0.7897435897435897,0.8589743589743589,0.8076923076923077,0.7974358974358975,0.8307692307692308,0.7923076923076923,0.8051282051282052,0.782051282051282,0.8076923076923077,0.7871794871794872,0.8128205128205128,0.8,0.8179487179487179,0.7923076923076923,0.7615384615384615,0.7769230769230769,0.8307692307692308,0.782051282051282,0.7974358974358975
CricketY,0.7923076923076923,0.7769230769230769,0.782051282051282,0.8179487179487179,0.823076923076923,0.8076923076923077,0.7794871794871795,0.8153846153846154,0.7948717948717948,0.7948717948717948,0.7871794871794872,0.8128205128205128,0.8282051282051283,0.8128205128205128,0.8051282051282052,0.7897435897435897,0.8076923076923077,0.8358974358974359,0.7974358974358975,0.7923076923076923,0.8025641025641026,0.8102564102564103,0.8,0.7871794871794872,0.8179487179487179,0.8076923076923077,0.7794871794871795,0.7769230769230769,0.8076923076923077,0.8153846153846154
CricketZ,0.8,0.8128205128205128,0.782051282051282,0.8256410256410256,0.782051282051282,0.8076923076923077,0.8564102564102564,0.8205128205128205,0.782051282051282,0.8076923076923077,0.8051282051282052,0.8051282051282052,0.8179487179487179,0.8025641025641026,0.8153846153846154,0.8461538461538461,0.8179487179487179,0.7846153846153846,0.7923076923076923,0.823076923076923,0.7897435897435897,0.8512820512820513,0.8102564102564103,0.8128205128205128,0.8205128205128205,0.7948717948717948,0.8,0.7794871794871795,0.8102564102564103,0.8
DiatomSizeReduction,0.9738562091503268,0.9019607843137256,0.9084967320261438,0.9967320261437908,0.977124183006536,0.9705882352941176,0.937908496732026,0.9869281045751634,0.9836601307189542,0.9509803921568628,0.9607843137254902,0.9803921568627452,0.9084967320261438,0.9607843137254902,0.9836601307189542,0.9411764705882352,0.9052287581699346,0.9869281045751634,0.977124183006536,0.9673202614379084,0.9934640522875816,0.9640522875816994,0.9869281045751634,0.9803921568627452,0.9869281045751634,0.9019607843137256,0.9509803921568628,0.9575163398692812,0.8888888888888888,0.9117647058823528
DistalPhalanxOutlineAgeGroup,0.7338129496402878,0.7697841726618705,0.7553956834532374,0.8057553956834532,0.7769784172661871,0.7985611510791367,0.8057553956834532,0.8129496402877698,0.7913669064748201,0.7553956834532374,0.7697841726618705,0.762589928057554,0.8345323741007195,0.7553956834532374,0.7913669064748201,0.7841726618705036,0.8129496402877698,0.7913669064748201,0.7913669064748201,0.7913669064748201,0.7913669064748201,0.7985611510791367,0.8273381294964028,0.7913669064748201,0.762589928057554,0.841726618705036,0.8057553956834532,0.8201438848920863,0.7410071942446043,0.762589928057554
DistalPhalanxOutlineCorrect,0.8043478260869565,0.8478260869565217,0.8188405797101449,0.855072463768116,0.8260869565217391,0.8442028985507246,0.8478260869565217,0.8297101449275363,0.8405797101449275,0.8297101449275363,0.8333333333333334,0.8369565217391305,0.8405797101449275,0.8115942028985508,0.8514492753623188,0.8478260869565217,0.8586956521739131,0.8478260869565217,0.8514492753623188,0.8369565217391305,0.7971014492753623,0.8369565217391305,0.8442028985507246,0.822463768115942,0.8079710144927537,0.8623188405797102,0.8188405797101449,0.8586956521739131,0.8369565217391305,0.8442028985507246
DistalPhalanxTW,0.6618705035971223,0.7122302158273381,0.7122302158273381,0.6618705035971223,0.6546762589928058,0.697841726618705,0.6906474820143885,0.7050359712230215,0.7194244604316546,0.7122302158273381,0.697841726618705,0.6906474820143885,0.6834532374100719,0.6762589928057554,0.7194244604316546,0.7050359712230215,0.6618705035971223,0.6690647482014388,0.697841726618705,0.7482014388489209,0.6834532374100719,0.7050359712230215,0.6906474820143885,0.6906474820143885,0.6690647482014388,0.6834532374100719,0.6618705035971223,0.6546762589928058,0.6762589928057554,0.7338129496402878
ECG200,0.88,0.89,0.88,0.91,0.87,0.89,0.9,0.91,0.82,0.86,0.85,0.89,0.9,0.88,0.93,0.9,0.88,0.92,0.9,0.83,0.87,0.87,0.89,0.87,0.93,0.86,0.89,0.91,0.91,0.91
ECG5000,0.9426666666666668,0.9431111111111112,0.9502222222222222,0.9453333333333334,0.9455555555555556,0.9477777777777778,0.9475555555555556,0.9457777777777778,0.9484444444444444,0.9422222222222222,0.9486666666666668,0.9426666666666668,0.9477777777777778,0.9486666666666668,0.9468888888888888,0.948,0.9444444444444444,0.9491111111111112,0.9464444444444444,0.9451111111111112,0.9415555555555556,0.9475555555555556,0.9422222222222222,0.9477777777777778,0.9422222222222222,0.9493333333333334,0.9411111111111112,0.9491111111111112,0.9457777777777778,0.9442222222222222
ECGFiveDays,1.0,1.0,1.0,1.0,1.0,1.0,1.0,1.0,1.0,0.9907084785133564,1.0,1.0,1.0,1.0,0.9628339140534262,1.0,1.0,0.9988385598141696,0.9953542392566784,0.9988385598141696,1.0,0.994192799070848,1.0,0.9988385598141696,1.0,0.9883855981416956,1.0,0.9907084785133564,1.0,1.0
EOGHorizontalSignal,0.585635359116022,0.8535911602209945,0.8287292817679558,0.850828729281768,0.8314917127071824,0.8729281767955801,0.861878453038674,0.8646408839779005,0.8287292817679558,0.8701657458563536,0.8480662983425414,0.8646408839779005,0.8314917127071824,0.8259668508287292,0.8535911602209945,0.8453038674033149,0.8591160220994475,0.8646408839779005,0.8176795580110497,0.8729281767955801,0.8453038674033149,0.8011049723756906,0.8453038674033149,0.856353591160221,0.8370165745856354,0.856353591160221,0.8480662983425414,0.8232044198895028,0.8425414364640884,0.8287292817679558
EOGVerticalSignal,0.5138121546961326,0.8011049723756906,0.8149171270718232,0.7762430939226519,0.7707182320441989,0.8038674033149171,0.8011049723756906,0.7983425414364641,0.7900552486187845,0.8066298342541437,0.8093922651933702,0.8038674033149171,0.8149171270718232,0.8204419889502762,0.787292817679558,0.8204419889502762,0.7928176795580111,0.7983425414364641,0.8121546961325967,0.8093922651933702,0.7624309392265194,0.7541436464088398,0.7983425414364641,0.8204419889502762,0.7845303867403315,0.8259668508287292,0.7734806629834254,0.7817679558011049,0.7817679558011049,0.7679558011049724
ERing,0.9481481481481482,0.9111111111111112,0.937037037037037,0.9629629629629628,0.9851851851851852,0.9555555555555556,0.9592592592592591,0.9592592592592591,0.9518518518518518,0.9777777777777776,0.9555555555555556,0.9629629629629628,0.937037037037037,0.9518518518518518,0.9555555555555556,0.9592592592592591,0.9777777777777776,0.974074074074074,0.9333333333333332,0.9777777777777776,0.9592592592592591,0.9777777777777776,0.974074074074074,0.9777777777777776,0.9222222222222224,0.8888888888888888,0.9703703703703704,0.9592592592592591,0.9592592592592591,0.9703703703703704
Earthquakes,0.7553956834532374,0.7194244604316546,0.7338129496402878,0.7338129496402878,0.7266187050359713,0.7769784172661871,0.7122302158273381,0.7553956834532374,0.6906474820143885,0.7410071942446043,0.7338129496402878,0.7769784172661871,0.7697841726618705,0.7482014388489209,0.7553956834532374,0.7482014388489209,0.7194244604316546,0.7194244604316546,0.7482014388489209,0.7338129496402878,0.7266187050359713,0.7553956834532374,0.7697841726618705,0.7410071942446043,0.7266187050359713,0.7194244604316546,0.762589928057554,0.7482014388489209,0.7266187050359713,0.7410071942446043
EigenWorms,0.9770992366412212,0.9236641221374046,0.931297709923664,0.9389312977099236,0.931297709923664,0.9389312977099236,0.916030534351145,0.931297709923664,0.9541984732824428,0.9465648854961832,0.9541984732824428,0.9847328244274808,0.9389312977099236,0.9770992366412212,0.931297709923664,0.9694656488549618,0.9465648854961832,0.9618320610687024,0.9236641221374046,0.9389312977099236,0.9847328244274808,0.9465648854961832,0.9923664122137404,0.9618320610687024,0.9389312977099236,0.9465648854961832,0.931297709923664,0.9389312977099236,0.9389312977099236,0.916030534351145
ElectricDevices,0.782388795227597,0.927117105433796,0.925690571910258,0.9262093113733628,0.9324341849306186,0.932693554662171,0.928803008688886,0.9339904033199324,0.9273764751653482,0.9277655297626768,0.928803008688886,0.9316560757359617,0.9269874205680196,0.9282842692257812,0.9328232395279472,0.9328232395279472,0.928932693554662,0.9329529243937232,0.927117105433796,0.933471663856828,0.92867332382311,0.9324341849306186,0.935027882246142,0.9293217481519906,0.9273764751653482,0.9332122941252756,0.9332122941252756,0.929581117883543,0.9315263908701854,0.928932693554662
Epilepsy,1.0,1.0,1.0,1.0,1.0,1.0,1.0,0.9927536231884058,1.0,1.0,1.0,1.0,1.0,0.9927536231884058,1.0,1.0,1.0,0.9927536231884058,1.0,1.0,1.0,1.0,1.0,1.0,0.9927536231884058,1.0,1.0,1.0,1.0,1.0
EthanolConcentration,0.4714828897338403,0.5285171102661597,0.4904942965779467,0.5817490494296578,0.5285171102661597,0.5209125475285171,0.5399239543726235,0.4562737642585551,0.4980988593155893,0.5133079847908745,0.5247148288973384,0.5209125475285171,0.5551330798479087,0.4486692015209125,0.5551330798479087,0.5019011406844106,0.5665399239543726,0.5361216730038023,0.5475285171102662,0.5741444866920152,0.5171102661596958,0.596958174904943,0.5437262357414449,0.5247148288973384,0.5057034220532319,0.5627376425855514,0.4866920152091255,0.5779467680608364,0.5285171102661597,0.5627376425855514
EthanolLevel,0.632,0.83,0.834,0.814,0.798,0.836,0.816,0.84,0.85,0.802,0.828,0.796,0.858,0.828,0.8,0.82,0.8,0.814,0.826,0.798,0.82,0.838,0.84,0.8,0.82,0.79,0.804,0.824,0.772,0.81
FaceAll,0.9502958579881656,0.9840236686390532,0.9840236686390532,0.985207100591716,0.9775147928994082,0.9822485207100592,0.9798816568047336,0.9775147928994082,0.9822485207100592,0.9763313609467456,0.985207100591716,0.9846153846153848,0.9769230769230768,0.9846153846153848,0.978698224852071,0.978698224852071,0.97396449704142,0.9810650887573964,0.9857988165680474,0.985207100591716,0.9828402366863904,0.9769230769230768,0.9840236686390532,0.978698224852071,0.9840236686390532,0.9798816568047336,0.9810650887573964,0.9810650887573964,0.9769230769230768,0.98698224852071
FaceFour,0.9204545454545454,0.8977272727272727,0.8863636363636364,0.9431818181818182,0.8863636363636364,0.8068181818181818,0.9545454545454546,0.9318181818181818,0.8409090909090909,0.9772727272727272,0.875,0.9090909090909092,0.8522727272727273,0.8863636363636364,0.8295454545454546,0.875,0.9090909090909092,0.9659090909090908,0.9659090909090908,0.8181818181818182,0.8636363636363636,0.8522727272727273,0.9204545454545454,0.9431818181818182,0.9090909090909092,0.9659090909090908,0.9204545454545454,0.9204545454545454,0.9545454545454546,0.9090909090909092
FacesUCR,0.9473170731707315,0.9526829268292684,0.9570731707317072,0.9551219512195122,0.9551219512195122,0.948780487804878,0.9565853658536584,0.9580487804878048,0.9590243902439024,0.9507317073170732,0.9546341463414634,0.951219512195122,0.973170731707317,0.9453658536585364,0.9551219512195122,0.9507317073170732,0.96,0.9629268292682926,0.9653658536585366,0.9521951219512196,0.9507317073170732,0.9546341463414634,0.948780487804878,0.9556097560975608,0.928780487804878,0.9536585365853658,0.9585365853658536,0.9478048780487804,0.948780487804878,0.9580487804878048
FiftyWords,0.7626373626373626,0.7604395604395604,0.7516483516483516,0.7626373626373626,0.7406593406593407,0.7428571428571429,0.756043956043956,0.7384615384615385,0.7318681318681318,0.7582417582417582,0.7296703296703296,0.7516483516483516,0.7428571428571429,0.7384615384615385,0.6967032967032967,0.7582417582417582,0.7648351648351648,0.7230769230769231,0.756043956043956,0.7670329670329671,0.7362637362637363,0.7406593406593407,0.7604395604395604,0.7362637362637363,0.7428571428571429,0.7494505494505495,0.7670329670329671,0.7648351648351648,0.7604395604395604,0.7538461538461538
FingerMovements,0.59,0.51,0.57,0.61,0.62,0.54,0.56,0.58,0.7,0.69,0.6,0.6,0.59,0.6,0.6,0.65,0.55,0.56,0.53,0.59,0.57,0.51,0.57,0.63,0.53,0.52,0.64,0.55,0.63,0.64
Fish,0.9485714285714286,0.96,0.96,0.9428571428571428,0.96,0.9257142857142856,0.9542857142857144,0.9657142857142856,0.9428571428571428,0.9714285714285714,0.9428571428571428,0.9542857142857144,0.9657142857142856,0.9428571428571428,0.9314285714285714,0.9428571428571428,0.9542857142857144,0.9314285714285714,0.96,0.96,0.9542857142857144,0.96,0.9542857142857144,0.9657142857142856,0.9542857142857144,0.9485714285714286,0.9542857142857144,0.9428571428571428,0.9542857142857144,0.96
FordA,1.0,1.0,1.0,1.0,1.0,1.0,1.0,1.0,1.0,1.0,1.0,1.0,1.0,1.0,1.0,1.0,1.0,1.0,1.0,1.0,1.0,1.0,1.0,1.0,1.0,1.0,1.0,1.0,1.0,1.0
FordB,0.8469135802469135,0.9543209876543208,0.9382716049382716,0.9543209876543208,0.9493827160493828,0.9444444444444444,0.945679012345679,0.9580246913580248,0.9592592592592591,0.9518518518518518,0.9358024691358025,0.9518518518518518,0.9518518518518518,0.9493827160493828,0.9493827160493828,0.9543209876543208,0.9493827160493828,0.937037037037037,0.9592592592592591,0.9493827160493828,0.9493827160493828,0.9543209876543208,0.9407407407407408,0.9580246913580248,0.945679012345679,0.9407407407407408,0.9518518518518518,0.9506172839506172,0.9419753086419752,0.945679012345679
FreezerRegularTrain,0.9975438596491228,0.9989473684210526,0.9982456140350876,0.9950877192982456,0.9982456140350876,0.9982456140350876,0.9971929824561404,0.9978947368421052,0.9982456140350876,0.9989473684210526,0.9982456140350876,0.9971929824561404,0.9982456140350876,0.9964912280701754,0.99859649122807,0.9964912280701754,0.9978947368421052,0.9978947368421052,0.9989473684210526,0.9989473684210526,0.9975438596491228,0.9975438596491228,0.99859649122807,0.9982456140350876,0.9989473684210526,0.9971929824561404,0.9982456140350876,0.9982456140350876,0.9975438596491228,0.9971929824561404
FreezerSmallTrain,0.8621052631578947,0.9621052631578948,0.9473684210526316,0.9750877192982456,0.9298245614035088,0.9150877192982456,0.9378947368421052,0.92,0.9866666666666668,0.9449122807017544,0.94,0.9435087719298244,0.9519298245614036,0.9894736842105264,0.8508771929824561,0.9694736842105264,0.9792982456140352,0.9663157894736842,0.9621052631578948,0.955438596491228,0.9649122807017544,0.9736842105263158,0.8821052631578947,0.9673684210526317,0.9273684210526316,0.9912280701754386,0.9624561403508772,0.9438596491228072,0.9582456140350876,0.9329824561403508
Fungi,0.7688172043010753,0.6666666666666666,0.7365591397849462,0.6612903225806451,0.7204301075268817,0.8118279569892473,0.6505376344086021,0.6236559139784946,0.6881720430107527,0.6236559139784946,0.7204301075268817,0.6720430107526881,0.7096774193548387,0.6397849462365591,0.6612903225806451,0.7580645161290323,0.6935483870967742,0.6720430107526881,0.5913978494623656,0.5752688172043011,0.6075268817204301,0.8118279569892473,0.6774193548387096,0.6075268817204301,0.6774193548387096,0.7043010752688172,0.5913978494623656,0.7903225806451613,0.6451612903225806,0.6935483870967742
GunPoint,0.9933333333333332,0.9866666666666668,0.96,0.98,0.9866666666666668,0.9666666666666668,0.9933333333333332,0.9866666666666668,0.9933333333333332,0.9933333333333332,0.9866666666666668,0.9733333333333334,0.9666666666666668,0.9866666666666668,1.0,0.9866666666666668,0.9933333333333332,0.9933333333333332,0.9533333333333334,0.9933333333333332,0.9933333333333332,0.9866666666666668,0.98,0.98,0.9866666666666668,0.96,0.9866666666666668,0.98,0.9866666666666668,0.9933333333333332
GunPointAgeSpan,0.9936708860759492,0.9968354430379748,0.990506329113924,1.0,0.9936708860759492,0.9936708860759492,0.9968354430379748,0.990506329113924,0.9873417721518988,0.9968354430379748,0.9936708860759492,0.990506329113924,0.9936708860759492,0.990506329113924,0.9936708860759492,1.0,0.9968354430379748,1.0,0.9968354430379748,0.9968354430379748,0.9841772151898734,0.990506329113924,0.9620253164556962,0.9873417721518988,1.0,0.9968354430379748,0.990506329113924,0.9873417721518988,0.9936708860759492,0.9968354430379748
GunPointMaleVersusFemale,1.0,1.0,0.9968354430379748,1.0,1.0,0.9968354430379748,1.0,0.9968354430379748,1.0,1.0,0.9968354430379748,0.9968354430379748,1.0,1.0,0.9968354430379748,1.0,0.9968354430379748,1.0,1.0,1.0,0.9968354430379748,1.0,1.0,1.0,1.0,1.0,0.9968354430379748,1.0,0.9968354430379748,0.9968354430379748
GunPointOldVersusYoung,1.0,1.0,1.0,1.0,1.0,1.0,1.0,1.0,1.0,1.0,1.0,1.0,1.0,1.0,1.0,1.0,1.0,1.0,1.0,1.0,1.0,1.0,1.0,1.0,1.0,1.0,1.0,1.0,1.0,1.0
Ham,0.7142857142857143,0.8761904761904762,0.7523809523809524,0.819047619047619,0.780952380952381,0.819047619047619,0.8666666666666667,0.8380952380952381,0.819047619047619,0.8476190476190476,0.8095238095238095,0.8380952380952381,0.8,0.780952380952381,0.819047619047619,0.8095238095238095,0.7619047619047619,0.8476190476190476,0.7904761904761904,0.7428571428571429,0.8476190476190476,0.8380952380952381,0.8285714285714286,0.8380952380952381,0.8095238095238095,0.8095238095238095,0.8380952380952381,0.8666666666666667,0.819047619047619,0.8666666666666667
HandMovementDirection,0.4459459459459459,0.3378378378378378,0.2432432432432432,0.3378378378378378,0.3783783783783784,0.4189189189189189,0.3513513513513513,0.5,0.3918918918918919,0.4189189189189189,0.4189189189189189,0.3918918918918919,0.4189189189189189,0.5,0.3648648648648648,0.4729729729729729,0.4729729729729729,0.3108108108108108,0.3108108108108108,0.3783783783783784,0.3918918918918919,0.2972972972972973,0.4864864864864865,0.3783783783783784,0.4459459459459459,0.4594594594594595,0.3513513513513513,0.3513513513513513,0.527027027027027,0.5405405405405406
HandOutlines,0.9108108108108108,0.9513513513513514,0.9351351351351352,0.9351351351351352,0.9378378378378378,0.9432432432432432,0.9243243243243244,0.927027027027027,0.9297297297297298,0.9324324324324323,0.954054054054054,0.9324324324324323,0.9297297297297298,0.9378378378378378,0.9324324324324323,0.9378378378378378,0.927027027027027,0.9297297297297298,0.9378378378378378,0.9621621621621622,0.9243243243243244,0.954054054054054,0.9486486486486486,0.9405405405405406,0.9432432432432432,0.9324324324324323,0.945945945945946,0.9297297297297298,0.9486486486486486,0.9432432432432432
Handwriting,0.3294117647058823,0.3341176470588235,0.38,0.3058823529411765,0.2670588235294117,0.3317647058823529,0.3517647058823529,0.2929411764705882,0.3505882352941176,0.34,0.3341176470588235,0.3847058823529412,0.3517647058823529,0.2529411764705882,0.32,0.3694117647058823,0.3564705882352941,0.3552941176470588,0.3247058823529412,0.3294117647058823,0.3458823529411765,0.3717647058823529,0.36,0.3505882352941176,0.2976470588235294,0.3941176470588235,0.4082352941176471,0.4176470588235294,0.4011764705882353,0.3929411764705882
Haptics,0.5194805194805194,0.4837662337662338,0.461038961038961,0.4707792207792208,0.5357142857142857,0.525974025974026,0.5357142857142857,0.5357142857142857,0.512987012987013,0.512987012987013,0.4902597402597403,0.5357142857142857,0.5194805194805194,0.5227272727272727,0.5032467532467533,0.5162337662337663,0.5194805194805194,0.4772727272727273,0.5551948051948052,0.4448051948051948,0.5032467532467533,0.5324675324675324,0.538961038961039,0.4805194805194805,0.5422077922077922,0.5357142857142857,0.564935064935065,0.538961038961039,0.5032467532467533,0.4902597402597403
Heartbeat,0.7463414634146341,0.7121951219512195,0.775609756097561,0.7951219512195122,0.751219512195122,0.7317073170731707,0.751219512195122,0.7463414634146341,0.7219512195121951,0.7560975609756098,0.751219512195122,0.7268292682926829,0.7170731707317073,0.7463414634146341,0.7902439024390244,0.7317073170731707,0.7268292682926829,0.7853658536585366,0.7121951219512195,0.7219512195121951,0.8048780487804879,0.7317073170731707,0.7414634146341463,0.7463414634146341,0.7414634146341463,0.751219512195122,0.7219512195121951,0.7268292682926829,0.7560975609756098,0.7707317073170732
Herring,0.578125,0.5625,0.546875,0.578125,0.609375,0.515625,0.5625,0.5625,0.5625,0.65625,0.5625,0.5625,0.578125,0.71875,0.625,0.609375,0.59375,0.53125,0.65625,0.65625,0.65625,0.609375,0.65625,0.5625,0.640625,0.59375,0.609375,0.59375,0.546875,0.59375
HouseTwenty,0.9495798319327732,0.9747899159663864,0.9747899159663864,0.9831932773109244,0.9747899159663864,0.957983193277311,0.9831932773109244,0.9411764705882352,0.9747899159663864,0.9747899159663864,0.9747899159663864,0.9663865546218487,0.9747899159663864,0.9747899159663864,0.9327731092436976,0.957983193277311,0.9663865546218487,0.957983193277311,0.9747899159663864,0.9747899159663864,0.9915966386554622,0.9663865546218487,0.9663865546218487,0.9495798319327732,0.9663865546218487,0.9495798319327732,0.9915966386554622,0.957983193277311,0.9663865546218487,0.9663865546218487
InlineSkate,0.7745454545454545,0.7654545454545455,0.78,0.8,0.6818181818181818,0.7436363636363637,0.7981818181818182,0.7763636363636364,0.7381818181818182,0.7709090909090909,0.6818181818181818,0.7363636363636363,0.8218181818181818,0.7345454545454545,0.730909090909091,0.7945454545454546,0.74,0.7618181818181818,0.8036363636363636,0.7581818181818182,0.8,0.7654545454545455,0.8,0.7581818181818182,0.7545454545454545,0.7509090909090909,0.7981818181818182,0.7745454545454545,0.7854545454545454,0.7345454545454545
InsectEPGRegularTrain,1.0,1.0,1.0,1.0,1.0,1.0,1.0,1.0,1.0,1.0,1.0,1.0,1.0,1.0,1.0,1.0,1.0,1.0,1.0,1.0,1.0,1.0,1.0,1.0,1.0,1.0,1.0,1.0,1.0,1.0
InsectEPGSmallTrain,1.0,1.0,1.0,1.0,1.0,1.0,1.0,1.0,1.0,1.0,1.0,1.0,1.0,1.0,1.0,1.0,1.0,1.0,1.0,1.0,1.0,1.0,1.0,1.0,1.0,1.0,1.0,1.0,1.0,1.0
InsectWingbeatSound,0.6863636363636364,0.6616161616161617,0.6621212121212121,0.651010101010101,0.6621212121212121,0.6702020202020202,0.6757575757575758,0.6545454545454545,0.6752525252525252,0.6631313131313131,0.6550505050505051,0.6590909090909091,0.6909090909090909,0.6737373737373737,0.6540404040404041,0.652020202020202,0.6611111111111111,0.6661616161616162,0.657070707070707,0.6606060606060606,0.6691919191919192,0.6530303030303031,0.6404040404040404,0.6434343434343435,0.646969696969697,0.6712121212121213,0.6722222222222223,0.647979797979798,0.6444444444444445,0.6388888888888888
ItalyPowerDemand,0.9319727891156464,0.9591836734693876,0.9475218658892128,0.9747327502429544,0.9650145772594751,0.9698736637512148,0.9708454810495628,0.9640427599611272,0.9630709426627794,0.9611273080660836,0.9378036929057336,0.956268221574344,0.956268221574344,0.9446064139941692,0.956268221574344,0.9504373177842566,0.9620991253644317,0.9650145772594751,0.9737609329446064,0.9630709426627794,0.9475218658892128,0.9514091350826044,0.9689018464528668,0.9718172983479106,0.967930029154519,0.9484936831875608,0.9650145772594751,0.9630709426627794,0.9523809523809524,0.9650145772594751
LSST,0.7364152473641524,0.7242497972424979,0.7429034874290349,0.7287104622871047,0.7339821573398215,0.7376317923763179,0.7262773722627737,0.7327656123276561,0.7356042173560422,0.735198702351987,0.735198702351987,0.7319545823195458,0.7096512570965126,0.7193836171938361,0.7335766423357665,0.7283049472830495,0.7177615571776156,0.7335766423357665,0.7400648824006488,0.7327656123276561,0.7242497972424979,0.7295214922952149,0.7368207623682076,0.7380373073803731,0.7335766423357665,0.7339821573398215,0.7254663422546634,0.7392538523925385,0.7364152473641524,0.7335766423357665
LargeKitchenAppliances,0.8826666666666667,0.9333333333333332,0.9333333333333332,0.936,0.9306666666666666,0.9413333333333334,0.936,0.936,0.9253333333333332,0.9386666666666666,0.9413333333333334,0.9493333333333334,0.92,0.928,0.9546666666666668,0.96,0.9413333333333334,0.9573333333333334,0.952,0.9413333333333334,0.9146666666666666,0.9386666666666666,0.9226666666666666,0.9226666666666666,0.944,0.936,0.936,0.9333333333333332,0.952,0.928
Libras,0.9444444444444444,0.9388888888888888,0.8888888888888888,0.9388888888888888,0.9722222222222222,0.9388888888888888,0.9,0.9388888888888888,0.95,0.9444444444444444,0.9666666666666668,0.9333333333333332,0.9333333333333332,0.9333333333333332,0.9444444444444444,0.9111111111111112,0.9444444444444444,0.95,0.9333333333333332,0.9444444444444444,0.9111111111111112,0.9222222222222224,0.9444444444444444,0.9611111111111112,0.9166666666666666,0.9444444444444444,0.95,0.9277777777777778,0.9388888888888888,0.95
Lightning2,0.7868852459016393,0.7213114754098361,0.7868852459016393,0.8032786885245902,0.8524590163934426,0.819672131147541,0.8524590163934426,0.8360655737704918,0.918032786885246,0.819672131147541,0.8852459016393442,0.8032786885245902,0.8524590163934426,0.7377049180327869,0.819672131147541,0.8360655737704918,0.819672131147541,0.8360655737704918,0.819672131147541,0.8032786885245902,0.8688524590163934,0.8360655737704918,0.9016393442622952,0.8524590163934426,0.8524590163934426,0.819672131147541,0.8688524590163934,0.7377049180327869,0.7540983606557377,0.7213114754098361
Lightning7,0.8082191780821918,0.7945205479452054,0.6986301369863014,0.8767123287671232,0.7397260273972602,0.7808219178082192,0.8082191780821918,0.684931506849315,0.8082191780821918,0.7808219178082192,0.7397260273972602,0.8082191780821918,0.7534246575342466,0.7945205479452054,0.7123287671232876,0.7534246575342466,0.7534246575342466,0.7123287671232876,0.7534246575342466,0.6986301369863014,0.821917808219178,0.8356164383561644,0.7397260273972602,0.821917808219178,0.863013698630137,0.9041095890410958,0.7808219178082192,0.8493150684931506,0.821917808219178,0.8767123287671232
Mallat,0.9646055437100212,0.9718550106609808,0.969722814498934,0.9646055437100212,0.975266524520256,0.9786780383795308,0.9714285714285714,0.9688699360341152,0.9761194029850746,0.9739872068230278,0.975266524520256,0.9637526652452024,0.9722814498933902,0.9756929637526652,0.9603411513859276,0.975266524520256,0.975266524520256,0.9744136460554372,0.975266524520256,0.9663113006396588,0.9688699360341152,0.969722814498934,0.9714285714285714,0.9773987206823028,0.9727078891257996,0.9718550106609808,0.9722814498933902,0.9646055437100212,0.9680170575692963,0.9692963752665246
Meat,0.95,1.0,1.0,1.0,1.0,0.9833333333333332,0.9666666666666668,1.0,1.0,1.0,1.0,1.0,1.0,0.9666666666666668,1.0,0.9833333333333332,1.0,0.9833333333333332,0.9833333333333332,1.0,1.0,0.9833333333333332,1.0,1.0,1.0,0.9833333333333332,0.9666666666666668,0.9833333333333332,1.0,1.0
MedicalImages,0.8421052631578947,0.843421052631579,0.8210526315789474,0.8171052631578948,0.8342105263157895,0.85,0.8328947368421052,0.8447368421052631,0.8381578947368421,0.7881578947368421,0.8276315789473684,0.8552631578947368,0.8236842105263158,0.8394736842105263,0.8223684210526315,0.8342105263157895,0.8526315789473684,0.8302631578947368,0.8328947368421052,0.8276315789473684,0.8342105263157895,0.8592105263157894,0.8578947368421053,0.8644736842105263,0.8513157894736842,0.8223684210526315,0.8565789473684211,0.8447368421052631,0.85,0.8421052631578947
MiddlePhalanxOutlineAgeGroup,0.5194805194805194,0.6753246753246753,0.6038961038961039,0.6493506493506493,0.6168831168831169,0.6493506493506493,0.6233766233766234,0.6558441558441559,0.6233766233766234,0.6688311688311688,0.7077922077922078,0.5909090909090909,0.6883116883116883,0.6818181818181818,0.6233766233766234,0.6493506493506493,0.6038961038961039,0.5844155844155844,0.5454545454545454,0.564935064935065,0.551948051948052,0.6103896103896104,0.5909090909090909,0.6363636363636364,0.577922077922078,0.5714285714285714,0.6168831168831169,0.6103896103896104,0.5909090909090909,0.6233766233766234
MiddlePhalanxOutlineCorrect,0.8625429553264605,0.8591065292096219,0.8556701030927835,0.8625429553264605,0.8934707903780069,0.8213058419243986,0.8350515463917526,0.8316151202749141,0.8591065292096219,0.8591065292096219,0.8762886597938144,0.8625429553264605,0.8350515463917526,0.8384879725085911,0.852233676975945,0.8797250859106529,0.865979381443299,0.8625429553264605,0.8419243986254296,0.845360824742268,0.8487972508591065,0.852233676975945,0.8109965635738832,0.8591065292096219,0.872852233676976,0.8281786941580757,0.8762886597938144,0.8625429553264605,0.9072164948453608,0.8694158075601375
MiddlePhalanxTW,0.5844155844155844,0.6428571428571429,0.5324675324675324,0.5584415584415584,0.564935064935065,0.538961038961039,0.5844155844155844,0.577922077922078,0.564935064935065,0.6103896103896104,0.5974025974025974,0.538961038961039,0.564935064935065,0.525974025974026,0.512987012987013,0.5454545454545454,0.5714285714285714,0.5324675324675324,0.577922077922078,0.5974025974025974,0.5909090909090909,0.5844155844155844,0.577922077922078,0.6103896103896104,0.6168831168831169,0.5584415584415584,0.5844155844155844,0.551948051948052,0.5974025974025974,0.5974025974025974
MixedShapesRegularTrain,0.9744329896907216,0.9781443298969072,0.9781443298969072,0.9752577319587628,0.9797938144329896,0.9764948453608248,0.9744329896907216,0.971958762886598,0.979381443298969,0.9756701030927836,0.9769072164948454,0.9736082474226804,0.9744329896907216,0.9740206185567012,0.9744329896907216,0.9822680412371134,0.96659793814433,0.9752577319587628,0.9748453608247424,0.9760824742268042,0.977319587628866,0.9740206185567012,0.9744329896907216,0.979381443298969,0.9703092783505156,0.9781443298969072,0.962061855670103,0.9678350515463916,0.9748453608247424,0.9764948453608248
MixedShapesSmallTrain,0.934020618556701,0.9496907216494844,0.9501030927835052,0.9352577319587628,0.9472164948453607,0.9393814432989692,0.9364948453608248,0.9443298969072164,0.9447422680412372,0.9501030927835052,0.9051546391752576,0.945979381443299,0.9385567010309278,0.9327835051546391,0.9257731958762888,0.9447422680412372,0.948041237113402,0.9529896907216496,0.9397938144329896,0.9261855670103092,0.9455670103092784,0.9356701030927836,0.9249484536082474,0.942680412371134,0.943917525773196,0.945979381443299,0.9303092783505156,0.9529896907216496,0.9352577319587628,0.9509278350515464
MoteStrain,0.9185303514376996,0.8258785942492013,0.8666134185303515,0.9121405750798722,0.810702875399361,0.8202875399361023,0.7084664536741214,0.915335463258786,0.8506389776357828,0.8562300319488818,0.9057507987220448,0.8266773162939297,0.8993610223642172,0.9033546325878594,0.889776357827476,0.8634185303514377,0.8937699680511182,0.884185303514377,0.8642172523961661,0.8458466453674122,0.8722044728434505,0.8809904153354633,0.9097444089456868,0.9105431309904152,0.8370607028753994,0.9057507987220448,0.8642172523961661,0.9089456869009584,0.8570287539936102,0.8586261980830671
MotorImagery,0.52,0.49,0.46,0.5,0.51,0.52,0.49,0.54,0.51,0.57,0.52,0.46,0.53,0.52,0.44,0.54,0.6,0.43,0.46,0.45,0.55,0.54,0.53,0.5,0.51,0.54,0.5,0.5,0.54,0.42
NATOPS,0.9388888888888888,0.9388888888888888,0.9722222222222222,0.9555555555555556,0.95,0.9444444444444444,0.9277777777777778,0.9222222222222224,0.95,0.9388888888888888,0.9388888888888888,0.9333333333333332,0.9555555555555556,0.95,0.9222222222222224,0.9222222222222224,0.9555555555555556,0.9555555555555556,0.9611111111111112,0.9444444444444444,0.9388888888888888,0.95,0.9444444444444444,0.9388888888888888,0.9388888888888888,0.9555555555555556,0.9666666666666668,0.9555555555555556,0.95,0.9277777777777778
NonInvasiveFetalECGThorax1,0.9526717557251908,0.961323155216285,0.957760814249364,0.9567430025445292,0.9557251908396946,0.95470737913486,0.9582697201017812,0.9608142493638676,0.9541984732824428,0.9557251908396946,0.9592875318066156,0.9638676844783716,0.966412213740458,0.9465648854961832,0.946055979643766,0.9608142493638676,0.9557251908396946,0.9643765903307888,0.961323155216285,0.9689567430025444,0.9623409669211196,0.961323155216285,0.956234096692112,0.9557251908396946,0.9628498727735368,0.9597964376590332,0.9587786259541984,0.9638676844783716,0.9541984732824428,0.9628498727735368
NonInvasiveFetalECGThorax2,0.9633587786259542,0.9653944020356234,0.96793893129771,0.9669211195928752,0.9684478371501272,0.9633587786259542,0.971501272264631,0.9582697201017812,0.9709923664122138,0.9643765903307888,0.9669211195928752,0.9704834605597964,0.9709923664122138,0.9699745547073793,0.9669211195928752,0.9653944020356234,0.9597964376590332,0.971501272264631,0.9653944020356234,0.971501272264631,0.9704834605597964,0.9745547073791349,0.9684478371501272,0.9597964376590332,0.9720101781170484,0.9689567430025444,0.971501272264631,0.9755725190839696,0.9689567430025444,0.9704834605597964
OSULeaf,0.9380165289256198,0.9338842975206612,0.9462809917355371,0.9421487603305784,0.9586776859504132,0.950413223140496,0.9462809917355371,0.962809917355372,0.962809917355372,0.9421487603305784,0.975206611570248,0.9462809917355371,0.9545454545454546,0.950413223140496,0.9462809917355371,0.9380165289256198,0.9710743801652892,0.9421487603305784,0.9545454545454546,0.962809917355372,0.9462809917355371,0.962809917355372,0.9586776859504132,0.9586776859504132,0.9545454545454546,0.950413223140496,0.9421487603305784,0.9462809917355371,0.950413223140496,0.950413223140496
OliveOil,0.9,0.9,0.9,0.8333333333333334,0.9333333333333332,0.9333333333333332,0.9333333333333332,0.8,0.8666666666666667,0.8,0.9,0.8666666666666667,0.9333333333333332,0.9333333333333332,0.9333333333333332,0.9,0.9,0.9,0.9,0.8333333333333334,0.8333333333333334,0.7333333333333333,0.8666666666666667,0.8333333333333334,0.8,0.9333333333333332,0.8666666666666667,0.9,0.9,0.9333333333333332
PhalangesOutlinesCorrect,0.8601398601398601,0.8496503496503497,0.8764568764568764,0.8764568764568764,0.865967365967366,0.8811188811188811,0.8822843822843823,0.87995337995338,0.8519813519813519,0.8589743589743589,0.8694638694638694,0.8624708624708625,0.8776223776223776,0.8776223776223776,0.8822843822843823,0.8589743589743589,0.8776223776223776,0.872960372960373,0.8543123543123543,0.8706293706293706,0.8682983682983683,0.8624708624708625,0.8566433566433567,0.8694638694638694,0.8682983682983683,0.8706293706293706,0.8694638694638694,0.8776223776223776,0.865967365967366,0.8601398601398601
Phoneme,0.290084388185654,0.3185654008438818,0.3201476793248945,0.3095991561181435,0.2710970464135021,0.3412447257383966,0.3317510548523206,0.3481012658227848,0.3454641350210971,0.3111814345991561,0.2916666666666667,0.3306962025316455,0.3338607594936709,0.310126582278481,0.1724683544303797,0.3481012658227848,0.2943037974683544,0.2821729957805907,0.3728902953586498,0.3380801687763713,0.3127637130801687,0.3771097046413502,0.360759493670886,0.3528481012658228,0.3143459915611814,0.3523206751054852,0.3364978902953586,0.274789029535865,0.360759493670886,0.3280590717299578
PhonemeSpectra,0.2564867283030122,0.3286609006859529,0.3411869967193558,0.3396957948106173,0.302713987473904,0.3104682373993438,0.3471518043543096,0.2702057858634059,0.3432746793915896,0.2848195645690426,0.3116611989263346,0.3289591410677006,0.317924246943036,0.2913808529674918,0.2603638532657322,0.2994333432746794,0.3128541604533253,0.2940650164032209,0.3271696987772144,0.3432746793915896,0.3086787951088577,0.3432746793915896,0.3053981509096332,0.3280644199224575,0.280644199224575,0.3247837757232329,0.3346257083209066,0.3209066507605129,0.3241872949597375,0.3212048911422606
PigAirwayPressure,0.1875,0.2067307692307692,0.1923076923076923,0.1490384615384615,0.2307692307692307,0.2067307692307692,0.2644230769230769,0.1057692307692307,0.3365384615384615,0.1682692307692307,0.1778846153846154,0.2403846153846154,0.1682692307692307,0.1490384615384615,0.0913461538461538,0.2836538461538461,0.1778846153846154,0.2788461538461538,0.25,0.25,0.1394230769230769,0.1971153846153846,0.2211538461538461,0.3413461538461538,0.1826923076923076,0.1394230769230769,0.1971153846153846,0.1538461538461538,0.2548076923076923,0.1875
PigArtPressure,0.3413461538461538,0.7692307692307693,0.5192307692307693,0.4615384615384615,0.5673076923076923,0.7548076923076923,0.7019230769230769,0.5048076923076923,0.7307692307692307,0.4326923076923077,0.3173076923076923,0.625,0.5817307692307693,0.6057692307692307,0.2884615384615384,0.5192307692307693,0.5480769230769231,0.6634615384615384,0.6730769230769231,0.8125,0.6586538461538461,0.6634615384615384,0.4903846153846153,0.7740384615384616,0.6153846153846154,0.6730769230769231,0.625,0.5961538461538461,0.5,0.5192307692307693
PigCVP,0.1826923076923076,0.2788461538461538,0.3653846153846153,0.4278846153846153,0.3028846153846153,0.4038461538461538,0.6105769230769231,0.2692307692307692,0.4663461538461538,0.3509615384615384,0.2403846153846154,0.4759615384615384,0.4471153846153846,0.2692307692307692,0.0721153846153846,0.4182692307692308,0.2644230769230769,0.3028846153846153,0.5576923076923077,0.5096153846153846,0.3413461538461538,0.5528846153846154,0.4855769230769231,0.5528846153846154,0.3798076923076923,0.4759615384615384,0.3557692307692308,0.4038461538461538,0.375,0.3509615384615384
Plane,1.0,1.0,1.0,1.0,1.0,1.0,1.0,1.0,1.0,1.0,1.0,1.0,1.0,1.0,1.0,1.0,1.0,1.0,1.0,1.0,1.0,1.0,1.0,1.0,1.0,1.0,1.0,1.0,1.0,1.0
PowerCons,0.9833333333333332,0.9944444444444444,0.9666666666666668,0.9722222222222222,0.9888888888888888,0.9833333333333332,0.9777777777777776,0.9833333333333332,0.9944444444444444,0.9833333333333332,0.9777777777777776,0.9777777777777776,1.0,0.9944444444444444,0.9833333333333332,0.9833333333333332,1.0,0.9888888888888888,0.9944444444444444,0.9777777777777776,0.9888888888888888,1.0,0.9833333333333332,0.9944444444444444,1.0,0.9888888888888888,1.0,1.0,0.9888888888888888,1.0
ProximalPhalanxOutlineAgeGroup,0.848780487804878,0.8341463414634146,0.8341463414634146,0.8195121951219512,0.8146341463414634,0.8048780487804879,0.8292682926829268,0.7902439024390244,0.848780487804878,0.8390243902439024,0.8536585365853658,0.8292682926829268,0.8439024390243902,0.8390243902439024,0.8292682926829268,0.8780487804878049,0.8536585365853658,0.8097560975609757,0.8585365853658536,0.8,0.8341463414634146,0.8439024390243902,0.8048780487804879,0.848780487804878,0.8390243902439024,0.8439024390243902,0.8,0.824390243902439,0.8439024390243902,0.824390243902439
ProximalPhalanxOutlineCorrect,0.8969072164948454,0.8762886597938144,0.9037800687285223,0.8762886597938144,0.8900343642611683,0.9243986254295532,0.8969072164948454,0.9243986254295532,0.9209621993127148,0.9003436426116839,0.8969072164948454,0.9037800687285223,0.8934707903780069,0.9243986254295532,0.9072164948453608,0.8934707903780069,0.8934707903780069,0.9072164948453608,0.8969072164948454,0.9037800687285223,0.8797250859106529,0.9037800687285223,0.8934707903780069,0.865979381443299,0.9106529209621992,0.9106529209621992,0.9106529209621992,0.9106529209621992,0.9140893470790378,0.9072164948453608
ProximalPhalanxTW,0.8048780487804879,0.7707317073170732,0.7902439024390244,0.8439024390243902,0.8195121951219512,0.8048780487804879,0.751219512195122,0.8048780487804879,0.7853658536585366,0.8097560975609757,0.7951219512195122,0.8,0.8195121951219512,0.7951219512195122,0.8439024390243902,0.824390243902439,0.8048780487804879,0.7853658536585366,0.7804878048780488,0.7902439024390244,0.7951219512195122,0.8048780487804879,0.8,0.7951219512195122,0.8048780487804879,0.7804878048780488,0.8097560975609757,0.8048780487804879,0.8048780487804879,0.7707317073170732
RacketSports,0.9078947368421052,0.9210526315789472,0.8947368421052632,0.9407894736842104,0.8881578947368421,0.9276315789473684,0.9210526315789472,0.9407894736842104,0.9407894736842104,0.9407894736842104,0.9407894736842104,0.9078947368421052,0.9210526315789472,0.9078947368421052,0.875,0.9013157894736842,0.9276315789473684,0.9013157894736842,0.9144736842105264,0.9144736842105264,0.8881578947368421,0.9078947368421052,0.9078947368421052,0.9276315789473684,0.9144736842105264,0.9473684210526316,0.9276315789473684,0.9144736842105264,0.9078947368421052,0.9276315789473684
RefrigerationDevices,0.5946666666666667,0.832,0.8533333333333334,0.8506666666666667,0.8933333333333333,0.864,0.8986666666666666,0.8666666666666667,0.88,0.864,0.856,0.8853333333333333,0.88,0.8613333333333333,0.8426666666666667,0.8693333333333333,0.8773333333333333,0.856,0.8746666666666667,0.8533333333333334,0.8266666666666667,0.8506666666666667,0.8693333333333333,0.8906666666666667,0.8106666666666666,0.8426666666666667,0.864,0.8693333333333333,0.832,0.8373333333333334
Rock,0.8,0.88,0.92,0.9,0.94,0.86,0.9,0.86,0.92,0.84,0.9,0.9,0.9,0.94,0.88,0.8,0.88,0.84,0.94,0.82,0.86,0.9,0.88,0.9,0.9,0.86,0.9,0.88,0.84,0.9
ScreenType,0.624,0.7493333333333333,0.7573333333333333,0.7093333333333334,0.7946666666666666,0.7333333333333333,0.7413333333333333,0.7786666666666666,0.7333333333333333,0.736,0.792,0.736,0.7946666666666666,0.768,0.744,0.7253333333333334,0.752,0.784,0.776,0.7626666666666667,0.736,0.7333333333333333,0.7786666666666666,0.7466666666666667,0.76,0.752,0.776,0.7466666666666667,0.7546666666666667,0.776
SelfRegulationSCP1,0.9215017064846416,0.8873720136518771,0.9112627986348124,0.9283276450511946,0.9146757679180888,0.938566552901024,0.9283276450511946,0.9419795221843004,0.9044368600682594,0.931740614334471,0.938566552901024,0.9215017064846416,0.9010238907849828,0.9044368600682594,0.9044368600682594,0.9010238907849828,0.924914675767918,0.9351535836177476,0.9453924914675768,0.931740614334471,0.8976109215017065,0.9590443686006824,0.9419795221843004,0.9215017064846416,0.89419795221843,0.931740614334471,0.9215017064846416,0.9419795221843004,0.9351535836177476,0.9419795221843004
SelfRegulationSCP2,0.5055555555555555,0.5388888888888889,0.5611111111111111,0.5111111111111111,0.4722222222222222,0.5,0.55,0.5333333333333333,0.5444444444444444,0.4888888888888889,0.4888888888888889,0.5055555555555555,0.4777777777777778,0.5444444444444444,0.5166666666666667,0.5333333333333333,0.5222222222222223,0.5888888888888889,0.5388888888888889,0.5777777777777777,0.5166666666666667,0.5333333333333333,0.5055555555555555,0.5111111111111111,0.5222222222222223,0.4777777777777778,0.6055555555555555,0.45,0.5555555555555556,0.5111111111111111
SemgHandGenderCh2,0.9783333333333334,0.9866666666666668,0.9883333333333332,0.9733333333333334,0.9833333333333332,0.975,0.9833333333333332,0.9866666666666668,0.9866666666666668,0.98,0.9833333333333332,0.975,0.985,0.9866666666666668,0.985,0.9633333333333334,0.9733333333333334,0.9866666666666668,0.98,0.98,0.9716666666666668,0.99,0.9783333333333334,0.985,0.9816666666666668,0.9833333333333332,0.9833333333333332,0.9933333333333332,0.9883333333333332,0.98
SemgHandMovementCh2,0.9311111111111112,0.9311111111111112,0.9488888888888888,0.9288888888888888,0.9533333333333334,0.9444444444444444,0.9422222222222222,0.9488888888888888,0.9555555555555556,0.9422222222222222,0.9333333333333332,0.9377777777777778,0.9488888888888888,0.9533333333333334,0.9311111111111112,0.9511111111111112,0.9244444444444444,0.9377777777777778,0.94,0.94,0.9533333333333334,0.9288888888888888,0.9488888888888888,0.9377777777777778,0.9266666666666666,0.9422222222222222,0.9422222222222222,0.9555555555555556,0.9422222222222222,0.9533333333333334
SemgHandSubjectCh2,0.9822222222222222,0.9888888888888888,0.9888888888888888,0.9933333333333332,0.9866666666666668,0.9822222222222222,0.98,0.9844444444444445,0.98,0.9844444444444445,0.9911111111111112,0.98,0.9711111111111111,0.9866666666666668,0.9933333333333332,0.9822222222222222,0.9866666666666668,0.9733333333333334,0.9733333333333334,0.9777777777777776,0.9822222222222222,0.9733333333333334,0.9822222222222222,0.9777777777777776,0.9777777777777776,0.9822222222222222,0.9866666666666668,0.9888888888888888,0.9733333333333334,0.98
ShapeletSim,1.0,1.0,1.0,1.0,1.0,1.0,1.0,1.0,1.0,1.0,1.0,1.0,1.0,1.0,1.0,1.0,1.0,1.0,1.0,1.0,1.0,1.0,1.0,1.0,1.0,1.0,1.0,1.0,1.0,1.0
ShapesAll,0.8966666666666666,0.89,0.9066666666666666,0.9166666666666666,0.91,0.9166666666666666,0.9216666666666666,0.895,0.9066666666666666,0.89,0.8916666666666667,0.9216666666666666,0.9066666666666666,0.91,0.8666666666666667,0.91,0.9133333333333332,0.91,0.905,0.9166666666666666,0.9033333333333332,0.8966666666666666,0.8933333333333333,0.9033333333333332,0.885,0.9,0.8983333333333333,0.9083333333333332,0.8933333333333333,0.9183333333333332
SmallKitchenAppliances,0.8213333333333334,0.832,0.832,0.8346666666666667,0.8426666666666667,0.8346666666666667,0.8453333333333334,0.8453333333333334,0.8426666666666667,0.8533333333333334,0.832,0.8426666666666667,0.8533333333333334,0.8106666666666666,0.8293333333333334,0.84,0.8186666666666667,0.8266666666666667,0.8613333333333333,0.856,0.8346666666666667,0.8453333333333334,0.8453333333333334,0.8373333333333334,0.8346666666666667,0.8693333333333333,0.8586666666666667,0.848,0.8266666666666667,0.8506666666666667
SmoothSubspace,0.98,0.9933333333333332,0.9733333333333334,0.98,0.9933333333333332,0.9866666666666668,0.9733333333333334,0.9866666666666668,0.9666666666666668,0.9933333333333332,0.9866666666666668,0.9933333333333332,0.9733333333333334,0.98,0.9733333333333334,0.9933333333333332,0.9866666666666668,0.96,0.9933333333333332,1.0,0.9933333333333332,0.9933333333333332,0.9866666666666668,0.9933333333333332,1.0,1.0,0.9933333333333332,0.9933333333333332,1.0,0.9933333333333332
SonyAIBORobotSurface1,0.9168053244592346,0.9584026622296172,0.8652246256239601,0.9251247920133112,0.9717138103161398,0.9334442595673876,0.961730449251248,0.9351081530782028,0.9700499168053244,0.8752079866888519,0.9717138103161398,0.9534109816971714,0.9384359400998336,0.9650582362728786,0.966722129783694,0.9384359400998336,0.9850249584026622,0.9650582362728786,0.9534109816971714,0.9118136439267888,0.9450915141430948,0.9434276206322796,0.9467554076539102,0.956738768718802,0.966722129783694,0.9384359400998336,0.9484193011647256,0.9251247920133112,0.961730449251248,0.966722129783694
SonyAIBORobotSurface2,0.9590766002098636,0.949632738719832,0.8499475341028332,0.8583420776495279,0.9275970619097588,0.9233997901364114,0.9275970619097588,0.9160545645330536,0.9737670514165792,0.962224554039874,0.949632738719832,0.9433368310598113,0.9454354669464848,0.9401888772298006,0.9769150052465896,0.950682056663169,0.950682056663169,0.9265477439664218,0.9527806925498428,0.9611752360965372,0.9338929695697796,0.9265477439664218,0.938090241343127,0.9401888772298006,0.962224554039874,0.9370409233997902,0.9202518363064008,0.9454354669464848,0.944386149003148,0.9296956977964324
StandWalkJump,0.4,0.4,0.4666666666666667,0.5333333333333333,0.3333333333333333,0.3333333333333333,0.4,0.3333333333333333,0.4666666666666667,0.4,0.2,0.3333333333333333,0.1333333333333333,0.3333333333333333,0.5333333333333333,0.4666666666666667,0.4,0.4,0.4666666666666667,0.2666666666666666,0.6,0.3333333333333333,0.2666666666666666,0.3333333333333333,0.4,0.5333333333333333,0.4666666666666667,0.4666666666666667,0.2,0.4666666666666667
StarLightCurves,0.9823943661971832,0.9825157843613403,0.9823943661971832,0.9828800388538124,0.9826372025254978,0.9825157843613403,0.982030111704711,0.9804516755706654,0.9822729480330258,0.984094220495386,0.9831228751821272,0.9827586206896552,0.9843370568237008,0.9817872753763964,0.9823943661971832,0.9844584749878582,0.9821515298688684,0.9808159300631376,0.9838513841670714,0.9811801845556096,0.9826372025254978,0.982030111704711,0.981665857212239,0.9821515298688684,0.9822729480330258,0.9819086935405535,0.9800874210781932,0.9808159300631376,0.9834871296745992,0.983729966002914
Strawberry,0.981081081081081,0.9864864864864864,0.9837837837837838,0.9945945945945946,0.9891891891891892,0.9864864864864864,0.972972972972973,0.972972972972973,0.981081081081081,0.9891891891891892,0.9783783783783784,0.9891891891891892,0.9783783783783784,0.9783783783783784,0.9756756756756756,0.9891891891891892,0.991891891891892,0.9756756756756756,0.9972972972972972,0.9837837837837838,0.9783783783783784,0.9837837837837838,0.991891891891892,0.9783783783783784,0.9837837837837838,0.9891891891891892,0.9837837837837838,0.991891891891892,0.9783783783783784,0.9891891891891892
SwedishLeaf,0.9696,0.9776,0.9728,0.9808,0.9776,0.9728,0.9728,0.976,0.9824,0.9728,0.9824,0.9824,0.9744,0.976,0.9616,0.9744,0.9696,0.976,0.9712,0.9888,0.968,0.9712,0.9808,0.9808,0.976,0.9824,0.9824,0.9696,0.9808,0.976
Symbols,0.9738693467336684,0.9748743718592964,0.9346733668341708,0.970854271356784,0.9316582914572864,0.9768844221105528,0.9507537688442212,0.9346733668341708,0.9517587939698492,0.8964824120603015,0.970854271356784,0.9738693467336684,0.9688442211055276,0.9226130653266332,0.9507537688442212,0.957788944723618,0.8894472361809045,0.9678391959798996,0.9758793969849248,0.9346733668341708,0.9758793969849248,0.9698492462311558,0.9587939698492464,0.9608040201005024,0.9758793969849248,0.9698492462311558,0.9175879396984924,0.9628140703517588,0.9447236180904522,0.971859296482412
SyntheticControl,1.0,1.0,1.0,0.9966666666666668,1.0,1.0,1.0,1.0,1.0,1.0,1.0,1.0,0.9966666666666668,1.0,1.0,0.9966666666666668,1.0,0.9966666666666668,1.0,1.0,1.0,1.0,1.0,1.0,1.0,1.0,1.0,1.0,1.0,1.0
ToeSegmentation1,0.8552631578947368,0.8508771929824561,0.8596491228070176,0.8771929824561403,0.868421052631579,0.925438596491228,0.8157894736842105,0.8859649122807017,0.8464912280701754,0.881578947368421,0.8640350877192983,0.8421052631578947,0.8421052631578947,0.8114035087719298,0.8289473684210527,0.8421052631578947,0.868421052631579,0.8728070175438597,0.9035087719298246,0.8859649122807017,0.8903508771929824,0.8114035087719298,0.8903508771929824,0.8991228070175439,0.8947368421052632,0.8903508771929824,0.8947368421052632,0.8728070175438597,0.9035087719298246,0.8552631578947368
ToeSegmentation2,0.8615384615384616,0.8692307692307693,0.8923076923076924,0.8923076923076924,0.946153846153846,0.9076923076923076,0.946153846153846,0.8692307692307693,0.8692307692307693,0.9307692307692308,0.9307692307692308,0.8846153846153846,0.9076923076923076,0.9,0.9153846153846154,0.9076923076923076,0.9384615384615383,0.9153846153846154,0.9230769230769232,0.953846153846154,0.9,0.9,0.9230769230769232,0.8615384615384616,0.9692307692307692,0.946153846153846,0.9,0.9153846153846154,0.9230769230769232,0.8692307692307693
Trace,1.0,1.0,1.0,1.0,1.0,1.0,1.0,1.0,1.0,1.0,1.0,1.0,1.0,1.0,1.0,1.0,1.0,1.0,1.0,1.0,1.0,1.0,1.0,1.0,1.0,1.0,1.0,1.0,1.0,1.0
TwoLeadECG,0.9947322212467076,0.9780509218612818,0.9561018437225636,0.9841966637401228,0.9885864793678666,0.9490781387181738,0.9912203687445128,0.968393327480246,0.9920983318700616,0.9833187006145742,0.9885864793678666,0.9622475856014048,0.9956101843722563,0.9885864793678666,0.9894644424934153,0.9885864793678666,0.9578577699736612,0.99297629499561,0.9859525899912204,0.9789288849868304,0.9894644424934153,0.9894644424934153,0.9920983318700616,0.9956101843722563,0.9631255487269534,0.961369622475856,0.990342405618964,0.9964881474978052,0.9824407374890256,0.9894644424934153
TwoPatterns,1.0,1.0,1.0,1.0,1.0,1.0,1.0,1.0,1.0,1.0,1.0,1.0,1.0,1.0,1.0,1.0,1.0,1.0,1.0,1.0,1.0,1.0,1.0,1.0,1.0,1.0,1.0,1.0,1.0,1.0
UMD,0.9930555555555556,0.9930555555555556,0.9236111111111112,0.9791666666666666,0.9930555555555556,0.9930555555555556,0.9791666666666666,0.9930555555555556,0.9930555555555556,0.9930555555555556,0.9930555555555556,0.9930555555555556,0.9930555555555556,0.9861111111111112,0.9791666666666666,0.9930555555555556,0.9930555555555556,0.9930555555555556,0.9722222222222222,0.9791666666666666,0.9930555555555556,0.9791666666666666,0.9930555555555556,0.9930555555555556,0.9861111111111112,0.9791666666666666,0.9930555555555556,0.9930555555555556,0.9930555555555556,0.9930555555555556
UWaveGestureLibrary,0.909375,0.91875,0.91875,0.896875,0.890625,0.91875,0.909375,0.909375,0.89375,0.91875,0.896875,0.903125,0.90625,0.915625,0.915625,0.921875,0.90625,0.909375,0.884375,0.928125,0.90625,0.94375,0.925,0.8875,0.9375,0.915625,0.909375,0.9125,0.928125,0.9125
UWaveGestureLibraryAll,0.9779452819653824,0.9807370184254608,0.981853713009492,0.9838079285315466,0.981853713009492,0.978503629257398,0.9793411501954216,0.980178671133445,0.980178671133445,0.977107761027359,0.9731993299832497,0.9840871021775544,0.9776661083193746,0.9790619765494136,0.9804578447794527,0.9810161920714684,0.9824120603015076,0.983249581239531,0.9810161920714684,0.9796203238414294,0.9790619765494136,0.9826912339475152,0.983249581239531,0.9765494137353434,0.9804578447794527,0.9812953657174762,0.9804578447794527,0.9835287548855388,0.9779452819653824,0.975432719151312
UWaveGestureLibraryX,0.8710217755443886,0.8715801228364043,0.8713009491903965,0.8774427694025684,0.8793969849246231,0.8740926856504746,0.879676158570631,0.8623673925181463,0.8676716917922948,0.884142936906756,0.8740926856504746,0.8763260748185371,0.867392518146287,0.8805136795086543,0.8816303740926856,0.878001116694584,0.8785594639865997,0.8749302065884981,0.8721384701284198,0.873534338358459,0.8774427694025684,0.88107202680067,0.868788386376326,0.8654383026242323,0.8774427694025684,0.8763260748185371,0.88107202680067,0.871859296482412,0.8726968174204355,0.8648799553322166
UWaveGestureLibraryY,0.8031825795644891,0.8012283640424344,0.7995533221663875,0.7900614182021217,0.7992741485203797,0.8070910106085986,0.80178671133445,0.7989949748743719,0.7945281965382468,0.794249022892239,0.8084868788386377,0.7964824120603015,0.80178671133445,0.8165829145728644,0.8132328308207705,0.8068118369625907,0.8056951423785594,0.8026242322724735,0.7975991066443328,0.804857621440536,0.8006700167504187,0.8023450586264657,0.798715801228364,0.7975991066443328,0.8059743160245673,0.7900614182021217,0.8062534896705751,0.8020658849804578,0.7967615857063093,0.7922948073701842
UWaveGestureLibraryZ,0.8299832495812395,0.8135120044667783,0.8137911781127861,0.8283082077051926,0.8310999441652708,0.8149078726968174,0.8126744835287549,0.810999441652708,0.8257956448911222,0.8026242322724735,0.8316582914572864,0.8090452261306532,0.8193746510329425,0.8294249022892239,0.8163037409268565,0.8204913456169738,0.8252372975991067,0.8230039084310441,0.8190954773869347,0.8059743160245673,0.8151870463428252,0.8230039084310441,0.7953657174762703,0.8235622557230597,0.8221663874930206,0.809324399776661,0.8129536571747628,0.8121161362367393,0.8224455611390284,0.821608040201005
Wafer,1.0,1.0,1.0,1.0,1.0,1.0,1.0,1.0,1.0,1.0,1.0,1.0,1.0,1.0,1.0,1.0,1.0,1.0,1.0,1.0,1.0,1.0,1.0,1.0,1.0,1.0,1.0,1.0,1.0,1.0
Wine,0.7407407407407407,0.9814814814814816,0.9444444444444444,0.9444444444444444,0.9814814814814816,0.9444444444444444,0.9074074074074074,0.7592592592592593,0.9444444444444444,0.925925925925926,0.8888888888888888,1.0,0.9074074074074074,0.8703703703703703,0.8888888888888888,0.925925925925926,0.9444444444444444,0.925925925925926,0.9629629629629628,0.9074074074074074,0.9814814814814816,0.8888888888888888,0.9444444444444444,0.925925925925926,0.9074074074074074,0.9814814814814816,0.8888888888888888,0.9444444444444444,0.925925925925926,0.8888888888888888
WordSynonyms,0.6802507836990596,0.6630094043887147,0.700626959247649,0.6818181818181818,0.7115987460815048,0.670846394984326,0.6755485893416928,0.6990595611285266,0.7084639498432602,0.6426332288401254,0.7021943573667712,0.6959247648902821,0.7272727272727273,0.6974921630094044,0.6598746081504702,0.7068965517241379,0.677115987460815,0.6896551724137931,0.6865203761755486,0.6990595611285266,0.7100313479623824,0.6990595611285266,0.6865203761755486,0.7037617554858934,0.670846394984326,0.7037617554858934,0.7084639498432602,0.7021943573667712,0.6833855799373041,0.6802507836990596
Worms,0.8701298701298701,0.7142857142857143,0.8181818181818182,0.8051948051948052,0.8701298701298701,0.7142857142857143,0.7922077922077922,0.7662337662337663,0.8441558441558441,0.7792207792207793,0.8051948051948052,0.7532467532467533,0.8311688311688312,0.8441558441558441,0.8311688311688312,0.7012987012987013,0.7792207792207793,0.8051948051948052,0.7922077922077922,0.8051948051948052,0.8311688311688312,0.8441558441558441,0.7922077922077922,0.8051948051948052,0.8051948051948052,0.7402597402597403,0.7142857142857143,0.8311688311688312,0.7012987012987013,0.7662337662337663
WormsTwoClass,0.8051948051948052,0.8441558441558441,0.7662337662337663,0.8441558441558441,0.7532467532467533,0.7792207792207793,0.6883116883116883,0.8051948051948052,0.7532467532467533,0.7662337662337663,0.8051948051948052,0.6753246753246753,0.8181818181818182,0.7272727272727273,0.7662337662337663,0.7532467532467533,0.7402597402597403,0.7922077922077922,0.7792207792207793,0.8051948051948052,0.7662337662337663,0.7662337662337663,0.7792207792207793,0.6883116883116883,0.7012987012987013,0.8051948051948052,0.7402597402597403,0.6883116883116883,0.7662337662337663,0.7532467532467533
Yoga,0.943,0.9456666666666668,0.9616666666666668,0.9423333333333334,0.9543333333333334,0.9426666666666668,0.9583333333333334,0.956,0.9533333333333334,0.9573333333333334,0.9533333333333334,0.9443333333333334,0.933,0.959,0.956,0.9593333333333334,0.9506666666666668,0.9516666666666668,0.9523333333333334,0.9603333333333334,0.9566666666666668,0.957,0.956,0.957,0.9503333333333334,0.9453333333333334,0.9583333333333334,0.9533333333333334,0.9593333333333334,0.9583333333333334
