model,dataset,mse,mae,rmse,r2,time,run
minirocket_fm,MethaneMonitoringHomeActivity,0.33226928950079726,0.3797062291536225,0.5764280436453428,0.001065959079012302,27.438369274139404,20260211_105021_run1
minirocket_fm,MethaneMonitoringHomeActivity,0.3321277019567696,0.37946333844825364,0.5763052159722047,0.0014916277217933427,27.497174501419067,20260211_105821_run2
minirocket_fm,MethaneMonitoringHomeActivity,0.3319280557464798,0.3794566463373828,0.5761319777155923,0.002091843877487398,27.42115044593811,20260211_110617_run3
minirocket_fm,MethaneMonitoringHomeActivity,0.3319359933756778,0.3795862587271667,0.5761388663991328,0.002067980197452468,27.343136310577393,20260211_111411_run4
minirocket_fm,MethaneMonitoringHomeActivity,0.33180891050958505,0.3790516200694038,0.5760285674422624,0.002450041991813756,27.590131521224976,20260211_112207_run5
minirocket_fm,MagnesiumConcentration,10610.403648762816,43.63848702821603,103.0068136035807,0.946183989843204,22.89840602874756,20260211_112127_run5
minirocket_fm,MagnesiumConcentration,9993.378976923968,42.85362365435271,99.9668894030617,0.9493135414706338,22.563048839569092,20260211_111331_run4
minirocket_fm,MagnesiumConcentration,17086.320336649005,49.037108716055236,130.71465234107845,0.9133381142491606,22.687707662582397,20260211_110537_run3
minirocket_fm,MagnesiumConcentration,9117.693065891697,43.2698277264012,95.48661197200211,0.9537550239478599,22.6395320892334,20260211_105741_run2
minirocket_fm,MagnesiumConcentration,10580.398792074651,45.21593421855066,102.86106548191425,0.9463361745975014,23.6863694190979,20260211_104941_run1
minirocket_fm,ZincConcentration,4.015281883938331,0.827145713141077,2.003816828938796,0.0892569244807151,10.684085130691528,20260211_112845_run5
minirocket_fm,ZincConcentration,3.934367499019868,0.8483673231429455,1.983524010194953,0.10760986156071728,10.497589588165283,20260211_112050_run4
minirocket_fm,ZincConcentration,4.059127676153133,0.8479439071800073,2.0147276928044477,0.07931185641213889,10.360344886779785,20260211_111255_run3
minirocket_fm,ZincConcentration,4.12324829491815,0.8441178631572825,2.0305783153865673,0.06476806814864278,10.476409673690796,20260211_110500_run2
minirocket_fm,ZincConcentration,4.0582197772312725,0.851990920447804,2.0145023646626163,0.07951778533076936,10.544301271438599,20260211_105704_run1
minirocket_fm,WindTurbinePower,161760.61697104215,258.66266101912095,402.194750054053,0.803442558573255,11.652577638626099,20260211_112831_run5
minirocket_fm,WindTurbinePower,153946.67919645715,252.3923504309173,392.3603945309174,0.8129373765654191,11.261330366134644,20260211_112037_run4
minirocket_fm,WindTurbinePower,151164.62956836185,259.22822460275916,388.79895777684624,0.8163178814562884,11.309584617614746,20260211_111241_run3
minirocket_fm,WindTurbinePower,149310.2203217279,251.02724476726678,386.4068067745804,0.8185711983865874,11.34038782119751,20260211_110447_run2
minirocket_fm,WindTurbinePower,150313.49024999462,252.5014983553665,387.70283755731606,0.8173521119744985,11.241101503372192,20260211_105651_run1
minirocket_fm,WaveDataTension,238.38676670676986,12.513620398166271,15.439778713011721,0.31598842412487194,19.29153037071228,20260211_112819_run5
minirocket_fm,WaveDataTension,237.73334277324466,12.508831182601503,15.418603788062155,0.31786331651365485,19.3519070148468,20260211_112025_run4
minirocket_fm,WaveDataTension,238.22961240281214,12.489772958088647,15.43468860725127,0.3164393525240893,19.63523268699646,20260211_111230_run3
minirocket_fm,WaveDataTension,237.21762298510703,12.483137213770902,15.401870762511514,0.3193430895307029,20.75706434249878,20260211_110435_run2
minirocket_fm,WaveDataTension,240.0985739507125,12.59642018253248,15.495114518799546,0.3110766750932491,19.41473078727722,20260211_105640_run1
minirocket_fm,TetuanEnergyConsumption,3343928.7122123055,1390.6445057673295,1828.6412201993876,0.3077631936255216,7.485352277755737,20260211_112529_run5
minirocket_fm,TetuanEnergyConsumption,3232478.235643879,1392.9128390684655,1797.9094069623973,0.33083489419344425,7.5541582107543945,20260211_111734_run4
minirocket_fm,TetuanEnergyConsumption,3166551.950216608,1386.588514697254,1779.4808091734533,0.3444824941299015,8.931965112686157,20260211_110940_run3
minirocket_fm,TetuanEnergyConsumption,3276006.5577047593,1400.0875632957386,1809.974187027196,0.32182396446272976,7.518638610839844,20260211_110145_run2
minirocket_fm,TetuanEnergyConsumption,3270391.0082296752,1418.3999188853852,1808.4222427933348,0.3229864563605006,7.56527853012085,20260211_105349_run1
minirocket_fm,PhosphorusConcentration,198.98734499896014,4.436683952086414,14.10628742791526,0.7044446484629474,22.523407459259033,20260211_112337_run5
minirocket_fm,PhosphorusConcentration,169.90007162355064,4.311995543224193,13.034572168795977,0.7476478949194918,22.800480604171753,20260211_111543_run4
minirocket_fm,PhosphorusConcentration,191.22053094593872,4.458620982160215,13.828251188994894,0.7159806758307967,22.943122148513794,20260211_110747_run3
minirocket_fm,PhosphorusConcentration,194.5281515588669,4.427993950143037,13.947334926747365,0.7110678761097375,24.186335802078247,20260211_105953_run2
minirocket_fm,PhosphorusConcentration,186.43713091543103,4.381207403385021,13.65419828900368,0.7230854466269819,22.822697401046753,20260211_105158_run1
minirocket_fm,ManganeseConcentration,5799.29907549285,50.79828550695336,76.15312912476315,0.4847343315802446,10.114317178726196,20260211_112139_run5
minirocket_fm,ManganeseConcentration,5934.53955826143,51.097350034962524,77.03596275935953,0.4727182625960388,10.007659435272217,20260211_111343_run4
minirocket_fm,ManganeseConcentration,5873.565453719347,50.93487137902301,76.63919006434858,0.478135790184147,10.164342403411865,20260211_110549_run3
minirocket_fm,ManganeseConcentration,5490.2935258424895,49.12568837563888,74.09651493722555,0.5121893651995404,9.867321968078613,20260211_105753_run2
minirocket_fm,ManganeseConcentration,5974.82078870374,51.42086676581009,77.29696493850027,0.46913928954111617,10.094834804534912,20260211_104953_run1
minirocket_fm,SulphurConcentration,94993.06330558061,39.59464658221899,308.2094471387608,-0.01213736072647209,10.482953786849976,20260211_112521_run5
minirocket_fm,SulphurConcentration,95172.55427840995,39.92968486975625,308.5004931574826,-0.014049811101183307,10.5027334690094,20260211_111726_run4
minirocket_fm,SulphurConcentration,94814.68811872379,38.989256477795344,307.91993783891905,-0.010236798890040033,10.23335075378418,20260211_110930_run3
minirocket_fm,SulphurConcentration,94897.97704574766,39.608320883885725,308.05515260379536,-0.011124230370215704,10.448172330856323,20260211_110136_run2
minirocket_fm,SulphurConcentration,95116.8586264946,39.725912693483046,308.4102116118962,-0.013456381979393583,10.515468835830688,20260211_105341_run1
minirocket_fm,OccupancyDetectionLight,11291.296564784872,55.18558456622134,106.26051272596455,0.7186346350303201,7.328891277313232,20260211_112239_run5
minirocket_fm,OccupancyDetectionLight,9844.463889340874,52.323955809913286,99.21927176381045,0.7546879440051264,7.408119440078735,20260211_111445_run4
minirocket_fm,OccupancyDetectionLight,10115.981760939045,53.91574104639026,100.5782370144707,0.7479220491763366,7.460481405258179,20260211_110649_run3
minirocket_fm,OccupancyDetectionLight,10612.473590265301,53.2174623197042,103.01686070864953,0.7355500771923107,7.475977182388306,20260211_105854_run2
minirocket_fm,OccupancyDetectionLight,9688.663993006308,53.096192523986716,98.43101133792291,0.7585702877592646,7.341535568237305,20260211_105100_run1
minirocket_fm,ParkingBirmingham,0.03285502278997967,0.1364647290000772,0.18125954537618058,0.3979014357045777,21.05578589439392,20260211_112300_run5
minirocket_fm,ParkingBirmingham,0.032541245232705525,0.13566944050147042,0.18039192119578285,0.40365169854720495,21.100088357925415,20260211_111506_run4
minirocket_fm,ParkingBirmingham,0.03282654524080055,0.13623812075598868,0.1811809737273772,0.39842331303167633,21.152856588363647,20260211_110710_run3
minirocket_fm,ParkingBirmingham,0.032410920416771884,0.1351259486159599,0.18003033193540438,0.4060400208767101,21.06110978126526,20260211_105915_run2
minirocket_fm,ParkingBirmingham,0.031813947672100024,0.1345973158276157,0.17836464804467286,0.41698009645626655,20.920997142791748,20260211_105121_run1
minirocket_fm,PotassiumConcentration,11912.236162878176,38.76838391657831,109.14319109719203,0.8044140173758274,22.368196964263916,20260211_112414_run5
minirocket_fm,PotassiumConcentration,11156.560834938646,39.032808574734965,105.62462229489223,0.8168213856934974,22.527834177017212,20260211_111619_run4
minirocket_fm,PotassiumConcentration,11177.571080715617,38.82250154997807,105.724032654433,0.8164764202722887,22.46035647392273,20260211_110824_run3
minirocket_fm,PotassiumConcentration,10444.405058969942,38.682927716547425,102.1978720863108,0.8285142102244933,22.895314931869507,20260211_110030_run2
minirocket_fm,PotassiumConcentration,10266.748776666069,38.633806417927076,101.32496620609389,0.8314311334678421,22.636992931365967,20260211_105235_run1
minirocket_fm,PrecipitationAndalusia,0.1551247305407651,0.24795539541605677,0.3938587697903464,0.6475057446419541,10.074900150299072,20260211_112426_run5
minirocket_fm,PrecipitationAndalusia,0.17644441514593442,0.2584339407238951,0.4200528718458361,0.5990604301961528,10.300219058990479,20260211_111632_run4
minirocket_fm,PrecipitationAndalusia,0.15898232860825845,0.25200409410631686,0.3987258815380041,0.638740016872233,10.178591251373291,20260211_110836_run3
minirocket_fm,PrecipitationAndalusia,0.16787286834948484,0.25105265042999764,0.4097229165539619,0.6185377952478017,9.978279113769531,20260211_110043_run2
minirocket_fm,PrecipitationAndalusia,0.161639757365461,0.2514750994515549,0.4020444718752653,0.6327014673278004,9.967507123947144,20260211_105247_run1
minirocket_fm,SierraNevadaMountainsSnow,3090.822110173727,35.207599480728106,55.59516265084335,0.6212761819659725,8.88002347946167,20260211_112435_run5
minirocket_fm,SierraNevadaMountainsSnow,2631.3037887236346,33.35743509045124,51.296235619425666,0.6775817624726374,9.108946084976196,20260211_111641_run4
minirocket_fm,SierraNevadaMountainsSnow,3036.796008033866,34.70744560133795,55.107132097704614,0.6278960943862166,9.033374071121216,20260211_110846_run3
minirocket_fm,SierraNevadaMountainsSnow,3057.179781185219,34.30564908106754,55.29176956098637,0.6253984351490806,8.955737352371216,20260211_110052_run2
minirocket_fm,SierraNevadaMountainsSnow,3705.448173193531,39.2268303811573,60.872392537122536,0.5459649796538473,8.772459030151367,20260211_105256_run1
minirocket_fm,SodiumConcentration,2591.5896049553576,29.172610350111665,50.90765762589512,-0.27273686566613486,9.829381465911865,20260211_112447_run5
minirocket_fm,SodiumConcentration,6131.812969237684,32.26028218658948,78.3058935792044,-2.0113504099554222,10.005972623825073,20260211_111653_run4
minirocket_fm,SodiumConcentration,2689.3746820795895,29.365335494795005,51.85918127081828,-0.3207593891127669,10.105271339416504,20260211_110858_run3
minirocket_fm,SodiumConcentration,6434.8298385715825,31.897827476843325,80.2173911229453,-2.160162837579986,9.974846124649048,20260211_110104_run2
minirocket_fm,SodiumConcentration,3320.6992279380174,28.283749900242537,57.62550848311898,-0.6308046301407317,9.836788415908813,20260211_105308_run1
minirocket_fm,SolarRadiationAndalusia,0.3977216961457888,0.49039422778283615,0.6306518026183615,0.3475661793429219,11.407968759536743,20260211_112500_run5
minirocket_fm,SolarRadiationAndalusia,0.3902441163399751,0.48673329739284443,0.624695218758696,0.3598326108935581,10.14289140701294,20260211_111705_run4
minirocket_fm,SolarRadiationAndalusia,0.40124323019376185,0.49365873807362565,0.6334376292846533,0.34178935616289885,10.156253814697266,20260211_110910_run3
minirocket_fm,SolarRadiationAndalusia,0.4116561787219803,0.4951437549841633,0.6416043786649062,0.3247076634657,10.243201732635498,20260211_110116_run2
minirocket_fm,SolarRadiationAndalusia,0.4029124739051851,0.4939832259008123,0.6347538687595257,0.33905108198071177,10.107884645462036,20260211_105320_run1
minirocket_fm,SteamPredictor,945325330.841829,8765.453914385394,30746.14334907435,0.05018823766603042,7.188353538513184,20260211_112508_run5
minirocket_fm,SteamPredictor,964916466.1981232,9103.41642466564,31063.104580806525,0.03050412449166484,7.076889276504517,20260211_111713_run4
minirocket_fm,SteamPredictor,908469671.1610662,9328.873838237761,30140.83063157129,0.08721881109009488,7.133580446243286,20260211_110917_run3
minirocket_fm,SteamPredictor,934748690.91581,9210.580639172405,30573.660083735642,0.060815073401784936,7.0931923389434814,20260211_110123_run2
minirocket_fm,SteamPredictor,950070528.0309634,8885.981565765815,30823.214109352117,0.04542052018529774,7.036329507827759,20260211_105328_run1
minirocket_fm,MetroInterstateTrafficVolume,290479.11374546884,453.9328626658818,538.9611430757034,-0.0025353551900899607,17.189204454421997,20260211_112225_run5
minirocket_fm,MetroInterstateTrafficVolume,290054.5686860168,452.84166287635566,538.5671440832766,-0.001070115825772211,17.39950180053711,20260211_111429_run4
minirocket_fm,MetroInterstateTrafficVolume,290445.1004330972,454.9149735124144,538.929587639329,-0.002417964484231705,16.528807163238525,20260211_110634_run3
minirocket_fm,MetroInterstateTrafficVolume,289983.0391033673,453.0505426833618,538.5007326860078,-0.0008232445976712466,17.873820781707764,20260211_105839_run2
minirocket_fm,MetroInterstateTrafficVolume,290424.40065138723,453.548291015625,538.9103827645068,-0.00234652298628224,17.241055488586426,20260211_105046_run1
minirocket_fm,NaturalGasPricesSentiment,0.007961934353926154,0.07180787684004772,0.08922967193667225,0.020755231903005433,6.671560764312744,20260211_112232_run5
minirocket_fm,NaturalGasPricesSentiment,0.008004503109841778,0.07247088935592404,0.08946788870785863,0.015519666064131687,8.166324853897095,20260211_111437_run4
minirocket_fm,NaturalGasPricesSentiment,0.007659544070908757,0.07030148796973139,0.08751882123811287,0.057946458231333264,6.959113121032715,20260211_110641_run3
minirocket_fm,NaturalGasPricesSentiment,0.008144800546845651,0.07416615873156161,0.09024854872431828,-0.0017356295784043407,6.896672964096069,20260211_105846_run2
minirocket_fm,NaturalGasPricesSentiment,0.007793088069258563,0.07239883798407716,0.08827846888827741,0.04152177348995312,6.860356569290161,20260211_105053_run1
minirocket_fm,AcousticContaminationMadrid,22.09347802783026,3.682991621229384,4.70036998839775,0.457099068593661,8.927572011947632,20260211_113249_run1
minirocket_fm,AluminiumConcentration,41929.91556501959,143.18592733328683,204.76795541543993,0.8125376924108294,10.082749128341675,20260211_113302_run1
minirocket_fm,BarCrawl6min,0.0018381484937953147,0.0329270242519242,0.04287363401666944,0.40535562635875144,6.844934940338135,20260211_113310_run1
minirocket_fm,BeijingIntAirportPM25Quality,3036.73006579934,40.2543370333095,55.10653378501809,0.46319298724088454,16.87632393836975,20260211_113327_run1
minirocket_fm,BinanceCoinSentiment,0.13039046205646157,0.28210181935769085,0.36109619501797796,0.002705966146461125,7.689751386642456,20260211_113335_run1
minirocket_fm,BitcoinSentiment,0.07583900935483183,0.21476188993310927,0.2753888330249283,-0.022643608528034154,7.951674699783325,20260211_113343_run1
minirocket_fm,BoronConcentration,0.4367452662270469,0.22453253323215433,0.6608670563941336,0.4785340203876547,10.227901935577393,20260211_113356_run1
minirocket_fm,CalciumConcentration,2012041.3308622257,731.7943012580272,1418.4644270697188,0.8360953241172009,10.685147523880005,20260211_113410_run1
minirocket_fm,CardanoSentiment,0.09324021572628527,0.22806486998001732,0.3053526088414593,-0.25735209540192416,7.0480475425720215,20260211_113417_run1
minirocket_fm,ChilledWaterPredictor,256508.01654579156,361.5777644344329,506.46620474202575,0.008399742754746864,8.470927000045776,20260211_113426_run1
minirocket_fm,CopperConcentration,3.030606052175267,0.819851523676688,1.7408635937876542,0.3768984996387573,10.155198335647583,20260211_113439_run1
minirocket_fm,Covid19Andalusia,0.00014519537533167683,0.007442149999166748,0.012049704366982487,0.8469656669700831,7.321916818618774,20260211_113446_run1
minirocket_fm,DailyOilGasPrices,3.0910219242710233,1.4705089257908965,1.7581302352985753,0.0450376345252701,7.561974763870239,20260211_113454_run1
minirocket_fm,DhakaHourlyAirQuality,2088.713006338711,35.17105641879513,45.70243982916788,0.48926269596975425,20.5547091960907,20260211_113643_run1
minirocket_fm,ElectricityPredictor,211648.82639361106,192.9625626623404,460.0530691057403,0.1986069381451,11.123622417449951,20260211_113655_run1
minirocket_fm,EthereumSentiment,0.07483679803467394,0.21990766630974887,0.273563151821794,-0.039851030706225865,8.147421598434448,20260211_113756_run1
minirocket_fm,GasSensorArrayAcetone,0.018905655865628833,0.07857575211982683,0.1374978394944038,0.7881791884081464,8.941339015960693,20260211_113811_run1
minirocket_fm,GasSensorArrayEthanol,0.03868378662526393,0.09573468699386598,0.19668194280427456,0.6577830355056179,8.821298360824585,20260211_113826_run1
minirocket_fm,HotwaterPredictor,1257324.316298587,669.6439975986199,1121.3047383733767,0.2778591683013506,7.408591032028198,20260211_113834_run1
minirocket_fm,IronConcentration,3015.9570756541543,37.41078194908473,54.917730066474476,0.5622751675873063,9.80576777458191,20260211_113846_run1
minirocket_fm,LPGasMonitoringHomeActivity,1.6976349359234593,0.9341162902886363,1.302933204705237,0.014913237297236148,27.541499853134155,20260211_113914_run1
minirocket_fm,MadridPM10Quality,74.60152549418159,6.59697796141071,8.637217462480702,0.5637360786355716,75.09683918952942,20260211_114039_run1
minirocket_fm,AcousticContaminationMadrid,21.66412074243074,3.556053797403971,4.654473197090165,0.4676496242760154,6.835813045501709,20260211_114046_run2
minirocket_fm,AluminiumConcentration,39519.393799987105,139.82648370910323,198.79485355508353,0.8233147704582724,10.055028200149536,20260211_114059_run2
minirocket_fm,BarCrawl6min,0.001954196275023497,0.03538216499823983,0.04420629225600692,0.3678139585262431,6.919715404510498,20260211_114107_run2
minirocket_fm,BeijingIntAirportPM25Quality,3335.9548324279535,41.50434346791715,57.75772530517414,0.4102986075505485,16.682356595993042,20260211_114124_run2
minirocket_fm,BinanceCoinSentiment,0.13173619522977636,0.28318402049149133,0.3629548115534169,-0.007586900706978428,7.510394811630249,20260211_114132_run2
minirocket_fm,BitcoinSentiment,0.07571767428040156,0.21463578161525732,0.2751684471017736,-0.021007477737139624,7.750017404556274,20260211_114139_run2
minirocket_fm,BoronConcentration,0.4618901722498759,0.2317427788898983,0.6796250232664156,0.44851145559896544,10.01298975944519,20260211_114152_run2
minirocket_fm,CalciumConcentration,2067044.640172767,712.9185301507281,1437.7220316086023,0.8316146509586817,10.503443956375122,20260211_114206_run2
minirocket_fm,CardanoSentiment,0.09011557037096735,0.22477493494207207,0.3001925554889184,-0.21521599185160456,6.775319337844849,20260211_114212_run2
minirocket_fm,ChilledWaterPredictor,245571.4124202259,354.0499971978902,495.55162437452054,0.05067810742474299,8.332818984985352,20260211_114222_run2
minirocket_fm,CopperConcentration,2.8798747643311686,0.7989945026321386,1.6970193765338004,0.4078892948757783,10.066168546676636,20260211_114235_run2
minirocket_fm,Covid19Andalusia,0.00012637109769539795,0.006972742747431356,0.011241490012244728,0.8668062491253843,7.373876571655273,20260211_114242_run2
minirocket_fm,DailyOilGasPrices,3.395143439478903,1.5396005442191814,1.8425915009786904,-0.048919836068591405,8.897930383682251,20260211_114251_run2
minirocket_fm,DhakaHourlyAirQuality,2106.976242504488,35.49940216342929,45.901810884805926,0.484796923997315,20.939465761184692,20260211_114440_run2
minirocket_fm,ElectricityPredictor,201344.97144945155,190.7934943689095,448.71479967731347,0.23762174395957714,10.873265027999878,20260211_114452_run2
minirocket_fm,EthereumSentiment,0.07498785116662521,0.22040862876990133,0.2738390972206584,-0.04194990130298959,7.923774242401123,20260211_114550_run2
minirocket_fm,GasSensorArrayAcetone,0.015419964729871604,0.07425510199442215,0.1241771505949126,0.8272332117428755,8.942430257797241,20260211_114605_run2
minirocket_fm,GasSensorArrayEthanol,0.03580789879564647,0.09193160278889471,0.18922975134911124,0.6832246400933981,8.767834186553955,20260211_114620_run2
minirocket_fm,HotwaterPredictor,1107385.7306690377,625.6349307099972,1052.3239665944313,0.36397599076844145,7.236132383346558,20260211_114628_run2
minirocket_fm,IronConcentration,3126.652211338951,36.7465444693358,55.916475312191764,0.5462092858452665,9.897094249725342,20260211_114640_run2
minirocket_fm,LPGasMonitoringHomeActivity,1.6997245354675352,0.9347653717580947,1.3037348409348948,0.0137007051993977,27.497185230255127,20260211_114708_run2
minirocket_fm,MadridPM10Quality,74.32993894699008,6.565414792429247,8.621481250167518,0.5653242956496705,76.77395939826965,20260211_114834_run2
minirocket_fm,AcousticContaminationMadrid,23.717809105784752,3.836583773295084,4.870093336455139,0.41718453571554537,7.068931818008423,20260211_114842_run3
minirocket_fm,AluminiumConcentration,39814.77465634846,140.5972296885334,199.53639932691092,0.8219941673469854,10.055020093917847,20260211_114855_run3
minirocket_fm,BarCrawl6min,0.0018292867091325746,0.034120036824601796,0.04277016143449279,0.40822242977964285,6.87120795249939,20260211_114902_run3
minirocket_fm,BeijingIntAirportPM25Quality,2901.4751396677457,39.92361575870191,53.86534265803705,0.48710218933802396,16.587855100631714,20260211_114919_run3
minirocket_fm,BinanceCoinSentiment,0.13190484291960564,0.283220395169077,0.3631870632602511,-0.00887680590585016,7.847145080566406,20260211_114927_run3
minirocket_fm,BitcoinSentiment,0.07455439448506382,0.21277726282429696,0.2730465060847031,-0.005321346579149289,7.866715431213379,20260211_114935_run3
minirocket_fm,BoronConcentration,0.47816866584350687,0.24133917771627775,0.6914974084141653,0.4290752275162937,9.993603944778442,20260211_114948_run3
minirocket_fm,CalciumConcentration,2066452.6644610504,723.507327678261,1437.5161440697111,0.8316628744149651,10.242101669311523,20260211_115001_run3
minirocket_fm,CardanoSentiment,0.08907367517752507,0.2217134830211148,0.2984521321376764,-0.2011659481611272,6.962192058563232,20260211_115008_run3
minirocket_fm,ChilledWaterPredictor,224450.39832017806,342.1242802598404,473.7619637752466,0.1323270293450809,8.198896646499634,20260211_115017_run3
minirocket_fm,CopperConcentration,2.8728195511202115,0.7965557621847386,1.6949393945271942,0.4093398674218076,10.14914870262146,20260211_115030_run3
minirocket_fm,Covid19Andalusia,0.00013505691937858738,0.006834342218004485,0.011621399200551859,0.8576514883413906,7.243484973907471,20260211_115037_run3
minirocket_fm,DailyOilGasPrices,3.108168564124592,1.4718255172751418,1.7629998763824664,0.03974022928012,7.565867900848389,20260211_115045_run3
minirocket_fm,DhakaHourlyAirQuality,2054.8795424730556,35.15033366458747,45.33077919552073,0.49753573878047497,20.05889129638672,20260211_115234_run3
minirocket_fm,ElectricityPredictor,205441.08963825184,193.06660366046202,453.25609718817003,0.22211208698213936,10.9211266040802,20260211_115246_run3
minirocket_fm,EthereumSentiment,0.07451595753303285,0.21922593601106483,0.2729761116527101,-0.035392978850917745,9.318676471710205,20260211_115345_run3
minirocket_fm,GasSensorArrayAcetone,0.013265473986678792,0.07175073042863266,0.11517583942250559,0.851372336089253,8.821218252182007,20260211_115400_run3
minirocket_fm,GasSensorArrayEthanol,0.039781648083079296,0.09779278154154392,0.19945337320556727,0.6480707801059984,8.633358240127563,20260211_115415_run3
minirocket_fm,HotwaterPredictor,1164270.2990468077,648.7981336439616,1079.0135768593498,0.3313044922643227,7.375308990478516,20260211_115423_run3
minirocket_fm,IronConcentration,2936.816160318464,36.00783722172613,54.19239947002222,0.5737613867321159,10.019799709320068,20260211_115435_run3
minirocket_fm,LPGasMonitoringHomeActivity,1.6965314934237614,0.9340016646715391,1.3025096903377578,0.015553531966516543,27.520353317260742,20260211_115503_run3
minirocket_fm,MadridPM10Quality,73.77869296735071,6.501252290006464,8.589452425349982,0.5685479392832394,74.96063232421875,20260211_115628_run3
minirocket_fm,AcousticContaminationMadrid,21.67062225975982,3.606415218777127,4.655171560722528,0.46748986310988905,6.83099889755249,20260211_115635_run4
minirocket_fm,AluminiumConcentration,41307.635632301244,140.53748700758516,203.2427997059213,0.8153198118256162,9.940891981124878,20260211_115648_run4
minirocket_fm,BarCrawl6min,0.001954259501492436,0.03454863454047525,0.044207007379966766,0.3677935046487971,6.918274164199829,20260211_115656_run4
minirocket_fm,BeijingIntAirportPM25Quality,3300.2802199717885,41.80499547484231,57.44806541539749,0.41660485859327734,16.60087490081787,20260211_115713_run4
minirocket_fm,BinanceCoinSentiment,0.12949472166623874,0.28107916055087795,0.35985375038512346,0.009557054277923083,7.924375057220459,20260211_115721_run4
minirocket_fm,BitcoinSentiment,0.0761593244038836,0.21651794864439963,0.2759697889332881,-0.026962865074431352,7.904541492462158,20260211_115729_run4
minirocket_fm,BoronConcentration,0.5810210868460916,0.24536730255595543,0.7622473921543396,0.30627128979546225,10.108719825744629,20260211_115742_run4
minirocket_fm,CalciumConcentration,1728711.6511849526,684.6616599440649,1314.8047958480197,0.8591758933893937,10.428829908370972,20260211_115755_run4
minirocket_fm,CardanoSentiment,0.09075458638928176,0.22467111719738353,0.3012550188615648,-0.22383317622172294,6.833522319793701,20260211_115802_run4
minirocket_fm,ChilledWaterPredictor,241512.41049145797,349.99788135832523,491.43912185687657,0.0663692636346962,8.275296211242676,20260211_115811_run4
minirocket_fm,CopperConcentration,2.8871392738865915,0.7925764779096558,1.699158401646707,0.4063956903869588,10.013948678970337,20260211_115824_run4
minirocket_fm,Covid19Andalusia,0.00017121645406925618,0.007924289775347551,0.013084970541398103,0.8195397353918366,7.101729393005371,20260211_115831_run4
minirocket_fm,DailyOilGasPrices,3.0123147149470775,1.4294630779551363,1.735602118847254,0.06935400129243108,8.720898866653442,20260211_115840_run4
minirocket_fm,DhakaHourlyAirQuality,2075.862824665647,35.06730105962666,45.561637642490936,0.49240485438217474,20.43882441520691,20260211_120030_run4
minirocket_fm,ElectricityPredictor,210142.83647873995,191.2940031028873,458.41339037896785,0.20430926066474697,10.9396071434021,20260211_120042_run4
minirocket_fm,EthereumSentiment,0.07516290791923792,0.22050842753125127,0.2741585452238137,-0.04438230019520417,8.103754758834839,20260211_120141_run4
minirocket_fm,GasSensorArrayAcetone,0.01660793366855251,0.07683813628585734,0.12887177219450546,0.8139230919286886,8.839871168136597,20260211_120156_run4
minirocket_fm,GasSensorArrayEthanol,0.03835515676474069,0.09789707920788455,0.19584472616014117,0.6606902667547176,8.672590255737305,20260211_120211_run4
minirocket_fm,HotwaterPredictor,1078952.6278808827,656.1498721787341,1038.7264451629615,0.38030646670774193,7.254234313964844,20260211_120218_run4
minirocket_fm,IronConcentration,2915.8255241718903,36.435485208760134,53.99838445890664,0.5768078898682727,10.000616788864136,20260211_120230_run4
minirocket_fm,LPGasMonitoringHomeActivity,1.6974144127498552,0.9335408393029432,1.3028485762934445,0.015041200297165935,27.474803686141968,20260211_120259_run4
minirocket_fm,MadridPM10Quality,76.26905549560898,6.644453439768269,8.733215644629931,0.5539844928255431,76.3458526134491,20260211_120425_run4
minirocket_fm,AcousticContaminationMadrid,21.19458643680099,3.5200755013359912,4.603757860357231,0.47918744605004837,6.854808568954468,20260211_120432_run5
minirocket_fm,AluminiumConcentration,39289.01515435578,138.21772547969113,198.21456847153235,0.824344758521624,9.932955741882324,20260211_120445_run5
minirocket_fm,BarCrawl6min,0.0018325784705008864,0.034209517707000384,0.042808626122557196,0.40715753900305784,6.919295072555542,20260211_120452_run5
minirocket_fm,BeijingIntAirportPM25Quality,3304.338441007094,42.2909894528362,57.48337534459066,0.41588748119592045,16.917234182357788,20260211_120510_run5
minirocket_fm,BinanceCoinSentiment,0.13121978003352056,0.2835828555408912,0.36224270873755426,-0.003637088841182523,7.612785816192627,20260211_120517_run5
minirocket_fm,BitcoinSentiment,0.07581979443800639,0.21646106771945955,0.2753539439303646,-0.022384506885659183,7.801154375076294,20260211_120525_run5
minirocket_fm,BoronConcentration,0.4326810616252246,0.22290309317125048,0.657784966098515,0.4833866074628229,10.120115041732788,20260211_120538_run5
minirocket_fm,CalciumConcentration,1740333.8053890467,684.5186423531578,1319.2171183656792,0.8582291308211191,10.28249716758728,20260211_120551_run5
minirocket_fm,CardanoSentiment,0.09014160555439107,0.22287672459645705,0.30023591649632975,-0.21556707847422785,6.765702962875366,20260211_120558_run5
minirocket_fm,ChilledWaterPredictor,232218.32279966612,346.62094055150806,481.89036387923977,0.10229804227540396,8.265653371810913,20260211_120607_run5
minirocket_fm,CopperConcentration,3.1441045829633945,0.8178452457019891,1.773162311511102,0.3535628685453932,9.996105909347534,20260211_120620_run5
minirocket_fm,Covid19Andalusia,0.00019254485896505396,0.008175602838504695,0.013876053436227966,0.7970598305714223,7.100629806518555,20260211_120627_run5
minirocket_fm,DailyOilGasPrices,2.9709536663380884,1.4219454351775949,1.7236454584217975,0.08213237873065349,7.301157712936401,20260211_120635_run5
minirocket_fm,DhakaHourlyAirQuality,2059.508680337314,34.95689627155462,45.38181001609912,0.4964038104659575,20.286261796951294,20260211_120823_run5
minirocket_fm,ElectricityPredictor,203702.97347905528,189.47363668279655,451.3346579635285,0.2286933388341461,11.024192571640015,20260211_120836_run5
minirocket_fm,EthereumSentiment,0.07429929595282833,0.21891313105966442,0.2725789719564375,-0.032382484369503306,8.05362319946289,20260211_120937_run5
minirocket_fm,GasSensorArrayAcetone,0.019097692495964814,0.07784788838544046,0.1381944011020881,0.7860275912785759,8.88873291015625,20260211_120952_run5
minirocket_fm,GasSensorArrayEthanol,0.035592437003732776,0.09210559602883482,0.18865957967655067,0.6851307275482665,8.892215967178345,20260211_121008_run5
minirocket_fm,HotwaterPredictor,1057025.7340518127,628.6601955751183,1028.1175682050243,0.39290011907017053,7.684345483779907,20260211_121016_run5
minirocket_fm,IronConcentration,2958.758641697951,36.28303227880727,54.394472528906384,0.570576736306522,10.156455039978027,20260211_121028_run5
minirocket_fm,LPGasMonitoringHomeActivity,1.6908933957872776,0.9342293639110198,1.3003435683646372,0.018825151341800295,28.217499494552612,20260211_121057_run5
minirocket_fm,MadridPM10Quality,75.0020250825935,6.618233925884251,8.660370955253216,0.5613939881784662,76.25923538208008,20260211_121223_run5
minirocket_fm,BIDMC32SpO2,19.8858047614692,3.412584307497442,4.459350262254491,0.09513594499624789,91.67078065872192,20260211_152317_run1
minirocket_fm,BIDMC32SpO2,19.150629119084282,3.3890745937993927,4.376143178540241,0.12858865263810115,93.60044717788696,20260211_155617_run2
minirocket_fm,BIDMC32SpO2,21.253389003568394,3.5445697067126507,4.610139803039425,0.03290673990705528,90.66074180603027,20260211_162749_run3
minirocket_fm,BIDMC32SpO2,22.79957647245929,3.61658604227992,4.7748902052779485,-0.03744945033411029,90.46740174293518,20260211_165847_run4
minirocket_fm,BIDMC32SpO2,20.256651173911223,3.4693058536912096,4.500738958650149,0.07826131545165549,89.15419912338257,20260211_173013_run5
minirocket_fm,HouseholdPowerConsumption2,1049.6733392300614,23.317774825838498,32.398662614837384,0.626625217336533,15.118873357772827,20260211_173533_run5
minirocket_fm,HouseholdPowerConsumption2,1024.7557387670051,23.29874622675281,32.011806240307735,0.6354885496797293,15.054288387298584,20260211_170412_run4
minirocket_fm,HouseholdPowerConsumption2,1098.5057000649524,24.102776441590784,33.143712828603746,0.6092552685798605,15.339126348495483,20260211_163309_run3
minirocket_fm,HouseholdPowerConsumption2,1000.745345969215,23.04371622189002,31.634559361072426,0.644029183091563,16.373610734939575,20260211_160143_run2
minirocket_fm,HouseholdPowerConsumption2,1017.5435714611554,23.344017607808464,31.898958783338923,0.6380539586500376,14.953960657119751,20260211_152831_run1
minirocket_fm,AppliancesEnergy,3.5414268918383582,1.523817428407215,1.881867926247312,0.7004445254820066,7.1417624950408936,20260211_173438_run5
minirocket_fm,AppliancesEnergy,3.6375738344656035,1.5729310453505743,1.9072424687138243,0.6923118309772761,7.19025182723999,20260211_170316_run4
minirocket_fm,AppliancesEnergy,3.759393226673024,1.4749914278302874,1.938915476928539,0.6820076041916585,7.175128698348999,20260211_163214_run3
minirocket_fm,AppliancesEnergy,4.4244243651758834,1.698692501613072,2.1034315689310845,0.6257552165671738,7.205496072769165,20260211_160048_run2
minirocket_fm,AppliancesEnergy,3.6684387310071878,1.5557782781691778,1.9153168748296423,0.6897010898800164,7.247472763061523,20260211_152737_run1
minirocket_fm,HouseholdPowerConsumption1,24355.125442339882,111.37402970125515,156.06128745572965,0.9086689959786796,15.08862829208374,20260211_173720_run5
minirocket_fm,HouseholdPowerConsumption1,23535.739095632183,110.64764167683325,153.4136209586104,0.9117416706772086,14.86960244178772,20260211_170558_run4
minirocket_fm,HouseholdPowerConsumption1,24716.43333333204,111.04768360940916,157.21460916000154,0.9073141020150552,14.776105403900146,20260211_163453_run3
minirocket_fm,HouseholdPowerConsumption1,22185.426894657237,105.54399245753162,148.9477320896738,0.9168053017124602,15.295504093170166,20260211_160330_run2
minirocket_fm,HouseholdPowerConsumption1,24652.1940700152,111.10026342524313,157.01017186798822,0.9075549973629444,16.9627788066864,20260211_153019_run1
minirocket_fm,FloodModeling2,0.00017793465579652172,0.0026394869516144837,0.013339214961777987,0.48059955050352543,10.99336576461792,20260211_173731_run5
minirocket_fm,FloodModeling2,0.00017481010080144707,0.00267834574488264,0.0132215770920661,0.4897202878981234,10.572646617889404,20260211_170609_run4
minirocket_fm,FloodModeling2,0.0001807426001193845,0.0026526479881201115,0.01344405445241072,0.47240301601210066,10.406348943710327,20260211_163504_run3
minirocket_fm,FloodModeling2,0.00020765913634624952,0.002767254462289563,0.014410382935447951,0.3938322566929646,10.87180471420288,20260211_160342_run2
minirocket_fm,FloodModeling2,0.00020876099229679104,0.0028146641129877933,0.014448563675908794,0.3906158822692768,10.940014839172363,20260211_153030_run1
minirocket_fm,BenzeneConcentration,64.28499117237764,6.83245862956043,8.017792163206629,-0.0007731515888891316,76.2025465965271,20260211_174441_run5
minirocket_fm,BenzeneConcentration,54.84718791811907,5.916173218060553,7.405888732496531,0.1461522805312394,76.46125340461731,20260211_171306_run4
minirocket_fm,BenzeneConcentration,48.84722862087773,5.571408942298468,6.9890792398482455,0.23955819170581172,74.82998466491699,20260211_164201_run3
minirocket_fm,BenzeneConcentration,42.157746828301256,5.28866131855761,6.492899724183429,0.34369842185847355,79.86472868919373,20260211_161044_run2
minirocket_fm,BenzeneConcentration,64.40473468782324,6.825900168807995,8.025256051231215,-0.002637289596056025,91.69753074645996,20260211_153845_run1
minirocket_fm,BIDMC32HR,33.08961825170326,3.4456421986079406,5.7523576255048035,0.8326376561899941,99.63192701339722,20260211_174204_run5
minirocket_fm,BIDMC32HR,34.751999819978266,3.522382983469675,5.895082681352168,0.8242295786637828,92.02582812309265,20260211_171029_run4
minirocket_fm,BIDMC32HR,33.84716644812722,3.549012900094481,5.817831765196311,0.8288060906295172,90.14735960960388,20260211_163922_run3
minirocket_fm,BIDMC32HR,35.663021436199614,3.5583307410141187,5.971852429204828,0.8196217674828685,94.76662373542786,20260211_160803_run2
minirocket_fm,BIDMC32HR,36.257838292297535,3.6282028637115236,6.021448188957332,0.8166132727212487,136.0745027065277,20260211_153535_run1
minirocket_fm,FloodModeling3,0.0003428358060116277,0.013475148841090826,0.01851582582580717,0.33264251757377816,10.32517147064209,20260211_173449_run5
minirocket_fm,FloodModeling3,0.0003404411498007453,0.013585579335689546,0.018451047390344682,0.33730390857246695,10.324037075042725,20260211_170327_run4
minirocket_fm,FloodModeling3,0.00034619658893019644,0.013535695015088372,0.01860635883052341,0.32610048319992113,10.187375545501709,20260211_163225_run3
minirocket_fm,FloodModeling3,0.0003403937198604122,0.013529984822739729,0.018449762054303362,0.3373962347677397,10.430235147476196,20260211_160058_run2
minirocket_fm,FloodModeling3,0.00034743116360936124,0.013503584015628569,0.01863950545506402,0.3236972842478063,10.281838178634644,20260211_152748_run1
minirocket_fm,FloodModeling1,0.00017237767980840033,0.009679579312258425,0.013129268060649853,0.5147765391722986,10.79058837890625,20260211_173500_run5
minirocket_fm,FloodModeling1,0.00017506254463439945,0.010011610607109445,0.013231120309119687,0.5072189516460371,11.053776741027832,20260211_170338_run4
minirocket_fm,FloodModeling1,0.00017114205599985067,0.009813675179339868,0.013082127349932452,0.5182546789252642,10.383211135864258,20260211_163236_run3
minirocket_fm,FloodModeling1,0.00017352840528712016,0.009804409165193536,0.013173018078144437,0.5115373785114308,10.684277534484863,20260211_160109_run2
minirocket_fm,FloodModeling1,0.00017658392541504723,0.009929830492132958,0.013288488454863752,0.5029364386870323,10.662950038909912,20260211_152759_run1
minirocket_fm,LiveFuelMoistureContent,1804.3808763641234,31.22954350452549,42.47800461843898,-0.06671882529561746,52.5399374961853,20260211_173647_run5
minirocket_fm,LiveFuelMoistureContent,1804.106973091446,31.307816001841562,42.4747804360593,-0.06655689840917,51.90714883804321,20260211_170525_run4
minirocket_fm,LiveFuelMoistureContent,1808.270131670812,31.331271605232693,42.52375961354795,-0.06901808589318348,50.535460233688354,20260211_163420_run3
minirocket_fm,LiveFuelMoistureContent,1801.652086452335,31.288897437695635,42.44587243127811,-0.0651056118065414,52.9033625125885,20260211_160257_run2
minirocket_fm,LiveFuelMoistureContent,1812.9922146721792,31.330755492153543,42.579246290560135,-0.07180969984683871,52.169288873672485,20260211_152944_run1
minirocket_fm,IEEEPPG,484.74004407592275,15.880459523442282,22.016812759251117,0.49830545141503557,28.85806632041931,20260211_174301_run5
minirocket_fm,IEEEPPG,531.8245646893741,16.707769248962403,23.061321833090446,0.44957407961443163,29.51425051689148,20260211_171126_run4
minirocket_fm,IEEEPPG,590.2307685864087,17.39110662391387,24.29466543474943,0.38912503180666547,31.798835039138794,20260211_164022_run3
minirocket_fm,IEEEPPG,557.8587965075767,16.644909232495777,23.61903462268466,0.4226292617900892,29.540215015411377,20260211_160900_run2
minirocket_fm,IEEEPPG,514.6891030014604,16.486406398313594,22.68676052241616,0.46730887957860856,45.3910756111145,20260211_153648_run1
minirocket_fm,Covid3Month,0.0017156749474885923,0.031235419325815836,0.04142070674781627,0.13841533021773234,8.95945954322815,20260211_172558_run5
minirocket_fm,Covid3Month,0.0016659608700112154,0.03029376316233442,0.040816183922694385,0.1633809491944357,7.545612096786499,20260211_165428_run4
minirocket_fm,Covid3Month,0.0016468933432620975,0.029608949504955857,0.040581933705309034,0.17295635784731078,7.697339057922363,20260211_162328_run3
minirocket_fm,Covid3Month,0.0015622534457402438,0.029327930628195147,0.03952535193695616,0.21546116813408356,7.544966697692871,20260211_155151_run2
minirocket_fm,Covid3Month,0.0016988351583070833,0.03047206441121706,0.04121692805519454,0.14687200449766613,9.402331590652466,20260211_151903_run1
minirocket_fm,BIDMC32RR,16.434634864628023,3.1336669070290157,4.053965326026855,-0.35593971250189393,92.62932419776917,20260211_173430_run5
minirocket_fm,BIDMC32RR,16.43434433449981,3.1304072537809584,4.053929493035098,-0.35591574231078393,95.20234179496765,20260211_170309_run4
minirocket_fm,BIDMC32RR,16.51356080760688,3.139656838015529,4.063688079516793,-0.36245149821013767,90.88065147399902,20260211_163207_run3
minirocket_fm,BIDMC32RR,16.394903246920098,3.156421704620638,4.049062020631457,-0.3526616549888504,94.28132605552673,20260211_160040_run2
minirocket_fm,BIDMC32RR,17.514084363989312,3.1912904542129317,4.184983197575507,-0.44499970415248313,93.25615000724792,20260211_152729_run1
minirocket_fm,BeijingPM25Quality,7234.128523551172,55.88369801380744,85.05368024695447,0.42954263078571897,113.7301766872406,20260212_104046_run1
minirocket_fm,BeijingPM25Quality,7129.795222595095,56.75917099319434,84.43811475036078,0.43776997982867305,114.75806617736816,20260212_104746_run2
minirocket_fm,BeijingPM25Quality,7110.951197231191,55.55574771247084,84.32645609315733,0.43925595192600364,111.45029783248901,20260212_105444_run3
minirocket_fm,BeijingPM25Quality,7008.825883597354,55.77283093347413,83.71873078109435,0.44730918702627576,112.77082777023315,20260212_110135_run4
minirocket_fm,BeijingPM25Quality,6904.247078235962,55.21240738416814,83.091799103377,0.45555589566406285,111.68671298027039,20260212_110826_run5
minirocket_fm,ElectricMotorTemperature,91.02528765593912,6.705699427156937,9.54071735541616,0.7521301718432621,177.0856111049652,20260212_103653_run1
minirocket_fm,ElectricMotorTemperature,93.29443602952483,6.862357297953166,9.65890449427495,0.7459510821429493,170.7681441307068,20260212_110435_run5
minirocket_fm,ElectricMotorTemperature,91.64045608821066,6.726547241822465,9.572902176885057,0.7504550143400972,170.76228070259094,20260212_105744_run4
minirocket_fm,ElectricMotorTemperature,91.73033632135507,6.756953355082986,9.577595539662084,0.7502102625956324,174.83507418632507,20260212_104351_run2
minirocket_fm,ElectricMotorTemperature,91.27047072781224,6.756755665571336,9.553558014049647,0.7514625168711423,176.56699991226196,20260212_105052_run3
minirocket_fm,BeijingPM10Quality,13277.395128685303,74.81117578467175,115.22757972241412,0.2734070989491536,113.8859691619873,20260212_110632_run5
minirocket_fm,BeijingPM10Quality,12561.433443984777,72.94404541973833,112.07780085273255,0.3125874255483,112.33486723899841,20260212_105939_run4
minirocket_fm,BeijingPM10Quality,13023.628038266956,72.26356469923645,114.12111127336149,0.2872942631580383,114.82595658302307,20260212_105250_run3
minirocket_fm,BeijingPM10Quality,12275.219907444834,71.82177146452165,110.79359145476256,0.3282501908587402,114.78542518615723,20260212_104548_run2
minirocket_fm,BeijingPM10Quality,12442.66803473242,71.9145341206655,111.54670786147129,0.3190867503342836,114.12379336357117,20260212_103850_run1